Date,Month,Day,Year,EABL,WBNU,COYE,EAKI,MALL,CAGO,MODO,MAWR,CATE,GREG,WODU,GBHE,RBWO,WOTH,GRFL,AMRE,EATO
2016-07-10,7,10,2016,,,,,,,,1,,2,,1,,,,,
2016-07-10,7,10,2016,,,,,,,,,,,,1,,,,,
2016-07-10,7,10,2016,,,,,,,,,,1,,,,,,,
2016-07-10,7,10,2016,,,,,,,,,,1,,,,,,,
2016-07-10,7,10,2016,,,,,,,,,,,,,,,,,
2016-07-10,7,10,2016,,,,,,,,,,,,,,,,,
2016-07-10,7,10,2016,,,,,,,,,,,,,,,,,
2016-07-10,7,10,2016,,,,,,,,1,,,,,,,,,
2016-07-10,7,10,2016,,,,,,,,,,,,,,,,,
2016-07-10,7,10,2016,,,,,,,,,,,,,,,,,
2016-07-10,7,10,2016,,,,,,,,,,,,,,,,,
2016-07-10,7,10,2016,,,,,,,,,,,,,,,,,
2016-07-10,7,10,2016,,,,,,,,,,,,1,,,,,
2016-07-10,7,10,2016,,,,,,,,,,,,,,,,,
2016-07-10,7,10,2016,,,,,,,,,,,,,,,,,
2016-07-10,7,10,2016,,,,,,,,,,,,,,,,,
2016-07-10,7,10,2016,,,,,,,,,,,,,,,,,
2016-07-10,7,10,2016,,,,,,,,,,,,,,,,,
2016-07-10,7,10,2016,,,,,,,,,,,,,,,,,
2016-07-10,7,10,2016,,,,,,,,,,,,,,,,,
2016-07-10,7,10,2016,,,,,,,1,,,,,,,,,,
2016-07-10,7,10,2016,,,,,,,,,,,,,,,,,
2016-07-10,7,10,2016,,,,,,,,,,,,,,,,,
2016-07-10,7,10,2016,,,,,,,,,,,,,,,1,,
2016-07-10,7,10,2016,,,,,,,1,,,,,,,,,,
2016-07-10,7,10,2016,,,,,1,,,,,,,,,,,,
2016-07-10,7,10,2016,,,,,,,,,,,,,,,,,
2016-07-10,7,10,2016,,,,,,,,,,,,,,,,,
2016-07-10,7,10,2016,,,,,,,,,,,,,,,,,
2016-07-13,7,13,2016,,,,,,,,,,,,2,,,,,
2016-07-13,7,13,2016,,,,,,,,,,1,,1,,,,,
2016-07-13,7,13,2016,,,,,,,,,,,,1,,,,,
2016-07-13,7,13,2016,,,,,,,,,,,,,,,,,
2016-07-13,7,13,2016,,,,,,,,,,,,2,,,,,
2016-07-13,7,13,2016,,,,,,,,,,,,,,,,,
2016-07-13,7,13,2016,,,,,,,,1,,,,,,,,,
2016-07-13,7,13,2016,,,,,,,,,,,,,,,,,
2016-07-13,7,13,2016,,,,,,,,,,,,,,,,,
2016-07-13,7,13,2016,,,,,,,,,,,,,,,,,
2016-07-13,7,13,2016,,,,,,,,,,,,,,,,,
2016-07-13,7,13,2016,,,,,,,,,,,,,,,,,
2016-07-13,7,13,2016,,,,,,,,,,,,,,,,,
2016-07-13,7,13,2016,,,,,,,,,,,,,,,,,
2016-07-13,7,13,2016,,,,,,,,,,2,,,,,,,
2016-07-13,7,13,2016,,,,,,,,,,,,,,,,,
2016-07-13,7,13,2016,,,,,,,,,,,,1,,,,,
2016-07-13,7,13,2016,,,,,,,,,,,,,,,,,
2016-07-13,7,13,2016,,,,,,,,,,,,,,,,,
2016-07-13,7,13,2016,,,,,,,,,,,,,,,,,
2016-07-13,7,13,2016,,,,,,,,,,,,,,,,,
2016-07-13,7,13,2016,,,,,,,,,,,,,,,,,
2016-07-13,7,13,2016,,,,,,,,,,,,,,,,,
2016-07-13,7,13,2016,,,,,,,,,,,,,,,,,
2016-07-15,7,15,2016,,,,,,,,,,,,1,,,,,
2016-07-15,7,15,2016,,,,,,,,,,1,,,,,,,
2016-07-15,7,15,2016,,,,,1,,,,,,,,,,,,
2016-07-15,7,15,2016,,,,,,,,,,,,,,,,,
2016-07-15,7,15,2016,,,,,,,,,,,,,,,,,
2016-07-15,7,15,2016,,,,,,,,,,,,,,,,,
2016-07-15,7,15,2016,,,,,,,,,,,,,,,,,
2016-07-15,7,15,2016,,,,,,,,,,,,,,,,,
2016-07-15,7,15,2016,,,,,,,,,,,,,,,,,
2016-07-15,7,15,2016,,,,,,,,,,,,,,,,,
2016-07-15,7,15,2016,,,,,,,,,,,,1,,,,,
2016-07-15,7,15,2016,,,,,,,,,,,,,,,,,
2016-07-15,7,15,2016,,,,,,,,,,,,,,,,,
2016-07-15,7,15,2016,,,,,,,,,,,,,,,,,
2016-07-15,7,15,2016,,2,,,,,,,,,,,,,,,
2016-07-15,7,15,2016,,,,,,,,,,,,,,,,,
2016-07-15,7,15,2016,,,,,,,,,,,,,,,,,
2016-07-15,7,15,2016,,,,,,,,,,,,,,,,,
2016-07-15,7,15,2016,,1,,,,,,,,,,,,,,,
2016-07-15,7,15,2016,,,,,,,,,,,,,,,,,
2016-07-14,7,14,2016,,,,,,,,,,,,,,,,,
2016-07-14,7,14,2016,,,,,,,,,,,,,,,,,
2016-07-14,7,14,2016,,,,,,,,,,,,,,,,,
2016-07-14,7,14,2016,,,,,,,,,,,,,,,,,
2016-07-14,7,14,2016,,,,,,,,,,,,,,,,,
2016-07-14,7,14,2016,,,,,,,,,,,,,,,,,
2016-07-17,7,17,2016,,,,,,,,,,,,,,,,,
2016-07-17,7,17,2016,,,,,,,,,,,,,,,,,
2016-07-17,7,17,2016,,,,,,,,,,,,,,,,,
2016-07-17,7,17,2016,,,,,,,,,,,,,,,,,
2016-07-17,7,17,2016,,,,,,,,,,,,,,,,,
2016-07-17,7,17,2016,,,,,,,,,,,,,,,,,
2016-07-16,7,16,2016,2,,,,,,,,,,,,,,,,
2016-07-16,7,16,2016,,,1,,,,,,,,,,,,,,
2016-07-16,7,16,2016,,,,,,,,,,,,,,,,,
2016-07-16,7,16,2016,,,,,,,,,,,,,,,,,
2016-07-16,7,16,2016,,,,,,,,,,,,,,,,,
2016-07-16,7,16,2016,,,,,,,,,,,,,,,,,
2016-07-16,7,16,2016,,,,,,,,,,,,,,,,,
2016-07-16,7,16,2016,,,1,,,,,,,,,,,,,,
2016-07-16,7,16,2016,,,1,,,,,,,,,,,,,,
2016-07-16,7,16,2016,,,,,,,,,,,,,,,,,
2016-07-16,7,16,2016,,,,,,,,,,,,,,,,,
2016-07-16,7,16,2016,,,,,,,,,,,,,,,,,
2016-07-16,7,16,2016,,,,,,,,,,,,,,,,,
2016-07-16,7,16,2016,,1,,,,,,,,,,,,,,,
2016-07-16,7,16,2016,,,,,,,,,,,,,,1,,,
2016-07-16,7,16,2016,,,,,,,,,,,,,,,,,
2016-07-16,7,16,2016,,,,,,,,,,,,,,1,,,
2016-07-16,7,16,2016,,,,,,,,,,,,,,,,,
2016-07-16,7,16,2016,,,,,,,,,,,,,,,,,
2016-07-16,7,16,2016,,,,,,,,,,,,,,,,,
2016-07-16,7,16,2016,,,,,,,,,,,,,,,,,
2016-07-16,7,16,2016,,,,,,,,,,,,,,,,,
2016-07-16,7,16,2016,,,,,,,,,,,,,,,,,
2016-07-16,7,16,2016,,,,,,,,,,,,,,,1,,
2016-07-16,7,16,2016,,,,,,,,,,,,,,,,,
2016-07-16,7,16,2016,,,,,,,,,,,,,,,,,
2016-07-16,7,16,2016,,,,,,,2,,,,,,,,,,
2016-07-16,7,16,2016,,,,,,,,1,,,,,,,,,
2016-07-16,7,16,2016,,,,,,,,1,,,,,,,,,
2016-07-16,7,16,2016,,,,,,,,,,,,,,,,,
2016-07-16,7,16,2016,,,,,,,,,,,,,,,,,
2016-07-16,7,16,2016,,,,,,,,,,,,,,,,,
2016-07-16,7,16,2016,,,,,,,,,,,,,,,,,
2016-07-16,7,16,2016,,,,,,,,,,,,,,,,,
2016-07-16,7,16,2016,,,,,,,,,,,,,,,,,
2016-07-16,7,16,2016,,,,,,,,,,,,,,,,,
2016-07-16,7,16,2016,,,,,,,,,,,,,,,,,
2016-07-16,7,16,2016,,,,,,,,,,,,,,,,,
2016-07-16,7,16,2016,,,,,,,,,,,,,,,,,
2016-07-16,7,16,2016,,,,,,,,,,,,,,,,,
2016-07-16,7,16,2016,,,,,,,,,,,,1,,,,,
2016-07-16,7,16,2016,,,,,,,,,,,,,,,,,
2016-07-16,7,16,2016,,,,,,,,,,,,1,,,,,
2016-07-16,7,16,2016,,,,,,,,,,,,,,,,,
2016-07-12,7,12,2016,,,,,,,,,,,,,,,,,
2016-07-12,7,12,2016,,,,,,,,,,,,,,,,,
2016-07-12,7,12,2016,,,,,,,1,,,,,,,,,,
2016-07-12,7,12,2016,,,,,,,,,,,,,,,,,
2016-07-12,7,12,2016,,,,,,,,,,,,,,,,,
2016-07-12,7,12,2016,,,,,1,,,1,,,,1,,,,,
2016-07-12,7,12,2016,,,,,,,,,,,,,,,,,
2016-07-12,7,12,2016,,,,,,,,,,,,,,,,,
2016-07-12,7,12,2016,,,,,,,,,,,,,,,,,
2016-07-12,7,12,2016,,,,,,,,,,,,,,,,,
2016-07-12,7,12,2016,,,,,,,,,,,1,,,,,,
2016-07-12,7,12,2016,,,,,,,,,,,,,,,,,
2016-07-12,7,12,2016,,,,,,,,,,,,,,,,,2
2016-07-12,7,12,2016,,,,,,,,,,,,,,,,,
2016-07-12,7,12,2016,,,,,,,,,,,,,,,,,
2016-07-12,7,12,2016,,,,,,,,,,,,,,,,,
2016-07-12,7,12,2016,,,,,,,,,,,,,,,,,
2016-07-12,7,12,2016,,,,,,,,,,,,,,,,,
2016-07-12,7,12,2016,,,,,,,,,,,,,,,,,
2016-07-12,7,12,2016,,,,,,,,,,,,,,,,,
2016-07-12,7,12,2016,,,,,,,,,,,,,,,,,
2016-07-12,7,12,2016,,,,,,,,,,,,,,,,,
2016-07-12,7,12,2016,,,,,,,,,,,,,,,,,
2016-07-12,7,12,2016,,,,,,,,,,,,,,,,,
2016-07-12,7,12,2016,,,,,,,,,,,,,,,,,
2016-07-12,7,12,2016,1,,,,,,,,,,,,,,,,
2016-07-19,7,19,2016,,,,,,,,,,,,,,,,,
2016-07-19,7,19,2016,,,,,,,,,,,,,,,,,
2016-07-19,7,19,2016,,,,,,,1,,,,,,,,,,
2016-07-19,7,19,2016,,,,,,,,,,,,,,,,,
2016-07-19,7,19,2016,,,,,,,,,,,,,,,,,
2016-07-19,7,19,2016,,,,,,,1,1,,,,1,,,,,
2016-07-19,7,19,2016,,,,,,,,,,,,,,,,,
2016-07-19,7,19,2016,,,,,,,,,,,,1,,,,,
2016-07-19,7,19,2016,,,,,,,,1,,2,,,,,,,
2016-07-19,7,19,2016,,,,,,,,,,,,,,,,,
2016-07-19,7,19,2016,,,,,,,,,,1,,,,,,,
2016-07-19,7,19,2016,,,,,,,,1,,,,,,,,,
2016-07-19,7,19,2016,,,,,,,,,,,,,,1,,,
2016-07-19,7,19,2016,,,,,,,,,,,,,,1,,,
2016-07-19,7,19,2016,,,,,,,,,,,,,,,,,
2016-07-19,7,19,2016,,,,,,,,,,,,,,,,,
2016-07-19,7,19,2016,,,,,,,,,,,,,,,,,
2016-07-19,7,19,2016,,,,,,,,,,,,,,,,,
2016-07-19,7,19,2016,,,,,,,,,,,,,,,,,
2016-07-19,7,19,2016,,,,,,,,,,,,,,,,,
2016-07-19,7,19,2016,,,,,,,,,,,,,,,,,
2016-07-19,7,19,2016,3,,1,,,,,,,,,,,,,,
2016-07-19,7,19,2016,,,,,,,,,,,,,,,,,
2016-07-19,7,19,2016,,,1,,,,,,,,,,,,,,
2016-07-19,7,19,2016,,,,,,,,,,,,,,,,,
2016-07-19,7,19,2016,,,,,,,,,,,,,,,,,
2016-07-19,7,19,2016,,,,,,,,,,,,,,,,,
2016-07-19,7,19,2016,,,1,,,,,,,,,,,,,,
2016-07-19,7,19,2016,,,,,,,,,,,,,,,,,
2016-07-19,7,19,2016,,,,,,,,,,,,,,,,,
2016-07-19,7,19,2016,,,,,,,,,,,,,,,,,
2016-07-25,7,25,2016,,,,,,,,,,,,,,,,,
2016-07-25,7,25,2016,,,,,,,,,,,,,,,,,
2016-07-25,7,25,2016,,,,,,,,,,,,,,,,,
2016-07-25,7,25,2016,,,,,,,,,,,,,,,,,
2016-07-25,7,25,2016,,,,,,,,,,,,1,,,,,
2016-07-25,7,25,2016,,,,,,,,,,,,,,,,,
2016-07-25,7,25,2016,,,,,,,,,,,,1,,,,,
2016-07-25,7,25,2016,,,,,,,,,,,,,,,,,
2016-07-25,7,25,2016,,,,,,,,,,,,,,,,,
2016-07-25,7,25,2016,,,,,,,,,,,,,,,,,
2016-07-25,7,25,2016,,,,,,,,,,,,,,,,,
2016-07-25,7,25,2016,,,1,,,,,,,,,,,,,,
2016-07-25,7,25,2016,,,,,,,,,,,,,,,,,
2016-07-25,7,25,2016,,,,,,,,,,,,,,,,,
2016-07-25,7,25,2016,,,,,,,,,,,,,,,,,
2016-07-25,7,25,2016,,,,,,,,,,,,,,,,,
2016-07-25,7,25,2016,,,1,,,,,,,,,,,,,,
2016-07-25,7,25,2016,,,,,,,,,,,,,,,,,
2016-07-25,7,25,2016,,,,,,,,,,1,,1,,,,,
2016-07-25,7,25,2016,,,,,,,,2,,,,,,,,,
2016-07-25,7,25,2016,,,,,,,,,,,,,,,,,
2016-07-25,7,25,2016,,,,,,,,,,,,,,,,,
2016-07-25,7,25,2016,,,,,,,,,,,,1,,,,,
2016-07-25,7,25,2016,,,,,,,,,,,,,,,,,
2016-07-25,7,25,2016,,,,,,,,,,,,,,,,,
2016-07-25,7,25,2016,,,,,,,,,,,,,,,,,
2016-07-25,7,25,2016,,,,,,,,,,,,,,,,,
2016-07-25,7,25,2016,,,,,,,,,,,,,,,,,
2016-07-22,7,22,2016,,,,,,,,,,,,,,,,,
2016-07-22,7,22,2016,,,,,,,,,,,,,,,,,
2016-07-22,7,22,2016,,,,,,,,,,,,,,,,,
2016-07-22,7,22,2016,,,,,,,,,,,,,,,,,
2016-07-22,7,22,2016,,,,,,,,,,,,,,,,,
2016-07-22,7,22,2016,,,,,,,,,,,,,,,,,
2016-07-22,7,22,2016,,,,,,,,,,,,,,,,,
2016-07-22,7,22,2016,,,,,,,,,,,,,,,,,
2016-07-22,7,22,2016,,,,,,,,,,,1,,,,,,
2016-07-22,7,22,2016,,,,,,,,,,,,,,,,,
2016-07-22,7,22,2016,,,1,,,,,,,,,,,,,,
2016-07-22,7,22,2016,,,,,,,,,,,,,,,,,
2016-07-22,7,22,2016,,,,,,,,,,,,,,,,,
2016-07-22,7,22,2016,5,,,,,,,,,,,,,,,,
2016-07-22,7,22,2016,,,,,,,,3,,1,,2,,,,,
2016-07-22,7,22,2016,,,,,,,,,,,,,,,,,
2016-07-22,7,22,2016,,,,,,,,,,,3,,,,,,
2016-07-22,7,22,2016,,,,,,,,,,1,,1,,,,,
2016-07-22,7,22,2016,,,,,,,,,,,,,,,,,
2016-07-22,7,22,2016,,,,,,,,,,,1,,,,,,
2016-07-22,7,22,2016,,,,,,,,,,,,,,,,,
2016-07-22,7,22,2016,,,,,,,,,,,,,,,,,
2016-07-22,7,22,2016,,,,,,,,,,,,,,,,,1
2016-07-22,7,22,2016,,,,,,,,,,,,,,,,,
2016-07-22,7,22,2016,,,,,,,,,,,,,,,,,
2016-07-22,7,22,2016,,,,,,,,,,,,,,,,,
2016-07-22,7,22,2016,,,,,,,,,,,,,,,,,
2016-07-22,7,22,2016,,,,,,,,,,,,,,,,,
2016-07-22,7,22,2016,,1,,,,,,,,,,,,,,,
2016-07-22,7,22,2016,,,,,,,,,,,,,,,,,1
2016-07-22,7,22,2016,,1,,,,,,,,,,,,,,,
2016-07-22,7,22,2016,,,,,,,,,,,,,,,,,
2016-07-22,7,22,2016,,,,,,,,,,,,,,,,,
2016-07-22,7,22,2016,,,,,,,,,,,,,,,,,
2016-07-22,7,22,2016,,,,,,,,,,,,,,,,,
2016-07-22,7,22,2016,,,,,,,,,,,,,,,,,
2016-07-22,7,22,2016,,,,,,,,,,,,,,,,,
2016-07-22,7,22,2016,,,,,,,,,,,,,,,,,
2016-07-22,7,22,2016,,,,,,,,,,,,,,,,,
2016-07-22,7,22,2016,,,,,,,,,,,,,,,,,
2016-07-22,7,22,2016,,,,,,,,,,,,,,,,,
2016-07-22,7,22,2016,,,,,,,,,,,,,,,,,
2016-07-22,7,22,2016,,,,,,,,,,,,,,,,,
2016-07-21,7,21,2016,,,,,,,,1,,,,1,,,,,
2016-07-21,7,21,2016,,,,,,,,,,,,1,,,,,
2016-07-21,7,21,2016,,,,,,,,,,,,,,,,,
2016-07-21,7,21,2016,,,,,,,,1,,,,1,,,,,
2016-07-21,7,21,2016,,,,,,,,,,,,,,,,,
2016-07-21,7,21,2016,,,,,,,,,,,,,,,,,
2016-07-21,7,21,2016,,,,,,,,,,,,,,,,,
2016-07-21,7,21,2016,,,,,,,,,,,,,,,,,
2016-07-21,7,21,2016,,,,,,,,,,,,,,,,,
2016-07-21,7,21,2016,,,,,,,,,,,,,,,,,
2016-07-21,7,21,2016,,1,,,,,,,,,,,,,,,
2016-07-25,7,25,2016,,,,,,,,,,,,,,,,,
2016-07-25,7,25,2016,,,,,,,,,,,,,,,,,
2016-07-25,7,25,2016,,,,,,,,,,,,,,,,,
2016-07-25,7,25,2016,,,,,,,,,,,,,,,,,
2016-07-25,7,25,2016,,,,,,,,,,,,,,,,,
2016-07-25,7,25,2016,,,,,,,,,,,,,,,,,
2016-07-25,7,25,2016,,,,,,,,,,,,,,,,,
2016-07-25,7,25,2016,,,,,,,,,,,,,,,,,
2016-07-25,7,25,2016,,1,,,,,,,,,,,,,,,
2016-07-25,7,25,2016,,,,,,,,,,,,,,,,,
2016-07-25,7,25,2016,,,,,,,,,,,,,,,,,
2016-07-25,7,25,2016,,,,,,,,,,,,,,,,,
2016-07-25,7,25,2016,,,,,,,,,,,,,,,,,
2016-07-25,7,25,2016,,,,,,,,,,,,,,,,,
2016-07-21,7,21,2016,,,,,,,,,,,,,,,,,
2016-07-21,7,21,2016,,,,,,,,,,,,,,,,,
2016-07-21,7,21,2016,,,,,,,,,,,,,,,,,
2016-07-21,7,21,2016,,,,,,,,,,,,,,,,,
2016-07-21,7,21,2016,,,,,,,,,,,,,,,,,
2016-07-21,7,21,2016,,,,,,,,,,,,,,,,,
2016-07-21,7,21,2016,,,,,,,,,,,,,,,,,
2016-07-21,7,21,2016,,,,,,,,,,,,,,,,,
2016-07-21,7,21,2016,,,,,,,,,,,,,,,,,
2016-07-21,7,21,2016,,,,,,,,,,,,,,,,,
2016-07-21,7,21,2016,,,,,,,,,,,,,,,,,
2016-07-21,7,21,2016,,,,,,,,,,,,,,,,,
2016-07-21,7,21,2016,,,,,,,,,,,,,,,,,
2016-07-21,7,21,2016,,,,,,,,,,,,3,,,,,
2016-07-21,7,21,2016,,,,,,,,,,,,,,,,,
2016-07-21,7,21,2016,,,,,6,,,,,,,,,,,,
2016-07-21,7,21,2016,,,,,1,,,,,,,,,,,,
2016-07-21,7,21,2016,,,,,,,,,,,,,,,,,
2016-07-21,7,21,2016,,,,,,,,,,,,,,,,,
2016-07-21,7,21,2016,,,,,,,,,,,,,,,,,
2016-07-26,7,26,2016,,,,,,,,,,,,,,,,,
2016-07-26,7,26,2016,,,,,,,,,,,,,,,,,
2016-07-26,7,26,2016,,,,,,,,,,,,,,,,,
2016-07-26,7,26,2016,,,,,,,,,,,,,,,,,
2016-07-26,7,26,2016,,,,,,,,,,,,,,,,,
2016-07-26,7,26,2016,,,,,,,,,,,,,,,,,
2016-07-26,7,26,2016,,,,,,,,,,,,,,,,,
2016-07-31,7,31,2016,,,,,,,,,,,,,,,,,
2016-07-31,7,31,2016,,,,,,,,,,,,,,,,,
2016-07-31,7,31,2016,,,,,,,,,,,,,,,,,
2016-07-31,7,31,2016,,,,,,,,,,,,,,,,,
2016-07-31,7,31,2016,,,,,,,,,,,,,,,,,
2016-07-31,7,31,2016,,,,,,,,,,,,,,1,,,
2016-07-28,7,28,2016,,,,,,,,,,,,,,,,,
2016-07-28,7,28,2016,,1,,,,,,,,,,,,,,,
2016-07-28,7,28,2016,,,,,,,,,,,,,,,,,
2016-07-28,7,28,2016,,,,,,,,,,,,,,,,,
2016-07-28,7,28,2016,,,,,,,,,,,,,,,,,
2016-07-28,7,28,2016,,,,,,,,,,,,,,,,,
2016-07-30,7,30,2016,,,,,,,,,,,,,,,,,
2016-07-30,7,30,2016,,,,,,,,,,,,,,,,,
2016-07-30,7,30,2016,,,,,,,,,,,,,,,,,
2016-07-30,7,30,2016,,,,,,,,,,,,,,,,,
2016-07-30,7,30,2016,,,,,,,,,,,,,,,,,
2016-07-30,7,30,2016,,,,,,,,,,,,,,,,,
2016-07-30,7,30,2016,,,,,,,,,,,,2,,,,,
2016-07-30,7,30,2016,,,,,,,,,,,,,,,,,
2016-07-30,7,30,2016,,,,,,,,,,,,,,,,,
2016-07-30,7,30,2016,,,,,,,,,,,,,,,,,
2016-07-30,7,30,2016,,,,,,,,,,,,,,,,,
2016-07-30,7,30,2016,,,,,,,,,,,,,,,,,
2016-07-30,7,30,2016,,,,,,,,,,,,,,,,,
2016-07-30,7,30,2016,,,,,,,,,,,,1,,,,,
2016-07-30,7,30,2016,,,,,,,,,,1,,,,,,,
2016-07-30,7,30,2016,,,,,,,,,,,,,,,,,
2016-07-30,7,30,2016,,,,,,,,,,,,,,,,,
2016-07-30,7,30,2016,,,,,,,,,,,,1,,,,,
2016-07-30,7,30,2016,,,,,,,,,,,,,,,,,
2016-07-26,7,26,2016,,,,,,,,1,,,,3,,,,,
2016-07-26,7,26,2016,,,,,,,,,,,,,,,,,
2016-07-26,7,26,2016,,,,,,,,,,,,,,,,,
2016-07-26,7,26,2016,,,,,,,,1,,,,,,,,,
2016-07-26,7,26,2016,,,,,,,,,,,2,,,,,,
2016-07-26,7,26,2016,,,,,,,,,,,,,,,,,
2016-07-26,7,26,2016,,,,,,,,,,,,1,,,,,
2016-07-26,7,26,2016,,,,,,,,,,1,,,,,,,
2016-07-26,7,26,2016,,,,,,,,,,,,1,,,,,
2016-07-26,7,26,2016,,,,,,,,,,1,,,,,,,
2016-07-26,7,26,2016,,,,,,,,,,,,,,,,,
2016-07-26,7,26,2016,,1,,,,,,,,,,,,,,,
2016-07-26,7,26,2016,,,,,,,,,,,,,,,,,
2016-07-26,7,26,2016,,,,,,,,,,,,,,,,,
2016-07-26,7,26,2016,,,,,,,,,,,,,,,,,
2016-07-26,7,26,2016,,,,,,,,,,,,,,1,,,
2016-07-26,7,26,2016,,,,,,,,,,,,,,1,,,
2016-07-26,7,26,2016,,1,,,,,,,,,,,,,,,
2016-07-26,7,26,2016,,,,,,,1,,,,,,,,,,
2016-07-26,7,26,2016,,,,,,,,,,,,,,,,,
2016-07-26,7,26,2016,,,,,,,1,,,,,,,,,,
2016-07-26,7,26,2016,,,,,,,,,,,,,,,,,
2016-07-26,7,26,2016,,,,,,,,,,,,,,,,,
2016-07-26,7,26,2016,,,,,,,,,,,,,,,,,
2016-07-26,7,26,2016,,,,,,,,,,,,,1,,,,
2016-07-26,7,26,2016,,,,,,,,,,,,,,,,,
2016-07-29,7,29,2016,,,,,,,,,,,,,,,,,
2016-07-29,7,29,2016,,,,,,,,,,,,,,,,,
2016-07-29,7,29,2016,,,,,,,,,,,,,,,,,
2016-07-29,7,29,2016,,,,,,,,,,,,,3,,,,
2016-07-29,7,29,2016,,,1,,,,,,,,,,,,,,
2016-07-29,7,29,2016,,,,,,,,,,,,,,,,,
2016-07-29,7,29,2016,,,,,,,,,,,,,,,,,
2016-07-29,7,29,2016,,,,,,,,,,,,,,,,,
2016-07-29,7,29,2016,,,,,,,,,,,,,,,,,
2016-07-29,7,29,2016,,,,,,,,,,,,,,,,,
2016-07-29,7,29,2016,,,,,,,,,,,,,,,,,
2016-07-29,7,29,2016,1,,,,,,,,,,,,,,,,
2016-07-29,7,29,2016,,,,,,,,,,,,,,,,,
2016-07-29,7,29,2016,,,,,,,,,,,,,,,,,
2016-07-29,7,29,2016,,,,,,,,,,,,,,,,,
2016-07-29,7,29,2016,,,,,,,,,,,,,,,,,
2016-07-29,7,29,2016,,,,,,,,,,,,,,,,,
2016-07-29,7,29,2016,,,,,,,,,,,,,,,,,
2016-07-29,7,29,2016,,,,,,,,,,,,,,,,,
2016-07-29,7,29,2016,,,,,,,,,,,,,,,,,
2016-07-29,7,29,2016,,,,,,,,1,,1,,1,,,,,
2016-07-29,7,29,2016,,,,,,,,,,,,1,,,,,
2016-07-29,7,29,2016,,,,,,,,,,,,,,,,,
2016-07-29,7,29,2016,,,,,,,,,,,,,,,,,
2016-07-29,7,29,2016,,,,,,,,,,1,,,,,,,
2016-07-29,7,29,2016,,,,,,,,,,,,,,,,,
2016-07-29,7,29,2016,,,,,,,,,,,,1,,,,,
2016-07-29,7,29,2016,,,,,,,,,,,,,,,,,
2016-08-02,8,2,2016,,,,,,,,1,,1,,1,,,,,
2016-08-02,8,2,2016,,,,,,,,,,,,,,,,,
2016-08-02,8,2,2016,,,,,,,,,,,,,,,,,
2016-08-02,8,2,2016,,,,,,,,,1,,,,,,,,
2016-08-02,8,2,2016,,,,,,,,,,,,,,,,,
2016-08-02,8,2,2016,,,,,,,,,,,,,,,,,
2016-08-02,8,2,2016,,,,,,,,,1,,,,,,,,
2016-08-02,8,2,2016,,,,,,,,,,,,,,,,,
2016-08-02,8,2,2016,,,,,,,,,,,,,,,,,
2016-08-02,8,2,2016,,,,,,,,,,,,,,,,,
2016-08-02,8,2,2016,,,,,,,,,,,,,,,,,
2016-08-02,8,2,2016,,,,,,,,,,,,,,,,,1
2016-08-02,8,2,2016,,,,,,,,,,,,,1,,,,
2016-08-02,8,2,2016,,,,,,,,,,,,,,,,,1
2016-08-02,8,2,2016,,,,,,,,,,,,,,,,,
2016-08-02,8,2,2016,,,,,,,,,,,,,,,,,
2016-08-02,8,2,2016,,,,,,,,,,,,,,,,,
2016-08-02,8,2,2016,,,,,,,,,,,,,,,,,
2016-08-02,8,2,2016,,,,,,,,,,,,,,,,,
2016-08-02,8,2,2016,,,,,,,,,,,,,,,,,
2016-08-02,8,2,2016,,,,,,,,,,,,,,,,,
2016-08-02,8,2,2016,,,,,,,,,,,,,,,,,
2016-08-02,8,2,2016,,,,,,,,,,,,,,,,,
2016-08-02,8,2,2016,,,,,,,,,,,,,,,,,
2016-08-02,8,2,2016,,,,,,,,,,,,,,,,,
2016-08-02,8,2,2016,,,,,,,,,,,,,,,,,
2016-08-02,8,2,2016,,,,,,,,,,,,,,,,,
2016-08-02,8,2,2016,,,,,,,,,,,,,,,,,
2016-08-02,8,2,2016,,,,,,,1,,,,,,,,,,
2016-08-02,8,2,2016,,,,,,,,,,,,,,,,,
2016-08-02,8,2,2016,,,,,,,,,,,,,,,,,
2016-08-02,8,2,2016,,,,,,,,,,,,,,,,,
2016-08-02,8,2,2016,,,,,,,,,,,,,,,,,
2016-08-04,8,4,2016,,,,,,,,,,,,,,,,,
2016-08-04,8,4,2016,,,,,,,,,,,,,1,,,,
2016-08-04,8,4,2016,,,,,,,,,,,,,,,,,
2016-08-04,8,4,2016,,,,,,,,,,,,,,,,,
2016-08-04,8,4,2016,,,,,,,,,,,,,1,,,,
2016-08-04,8,4,2016,,,,,,,,,,,,,,,,,
2016-08-05,8,5,2016,,,1,,,,,,,,,,,,,,
2016-08-05,8,5,2016,,,,,,,,,,,,,,,,,
2016-08-05,8,5,2016,,,,,,,,,,,,,,,,,
2016-08-05,8,5,2016,,,,,,,,,,,,,,,,,
2016-08-05,8,5,2016,,,,,,,,,,,,,,,,,
2016-08-05,8,5,2016,,,,,,,,,,,,,,,,,
2016-08-05,8,5,2016,,,,,,,,,,,,,1,,,,
2016-08-05,8,5,2016,,,,,,,,,,,,,,,,,
2016-08-05,8,5,2016,,,,,,,,,,,,,,,,,
2016-08-05,8,5,2016,,,,,,,,,,,,,,,,,
2016-08-05,8,5,2016,,,,,,,,,,,,,,,,,
2016-08-05,8,5,2016,,,1,,,,,,,,,,,,,,
2016-08-05,8,5,2016,,,,,,,,,,1,,1,,,,,
2016-08-05,8,5,2016,,,,,,,,,,,,,,,,,
2016-08-05,8,5,2016,,,,,,,,,,1,1,,,,,,
2016-08-05,8,5,2016,,,,,,,,,,,,,,,,,
2016-08-05,8,5,2016,,,,,,,,,,,,,,,,,
2016-08-05,8,5,2016,,,,,,,,,,3,,,,,,,
2016-08-05,8,5,2016,,,,,,,,,,,,,,,,,
2016-08-05,8,5,2016,,,,,,,,,,,,1,,,,,
2016-08-05,8,5,2016,,,,,,,,,,,,,,,,,
2016-08-05,8,5,2016,,,,,,,,,,,,,1,,,,
2016-08-05,8,5,2016,,,,,,,,,,,,,,,,,
2016-08-05,8,5,2016,,1,,,,,,,,,,,,,,,
2016-08-05,8,5,2016,,,,,,,,,,,,,,,,,
2016-08-05,8,5,2016,,,,,,,,,,,,,,,,,
2016-08-05,8,5,2016,,,,,,,,,,,,,,,,,
2016-08-05,8,5,2016,,,,,,,,,,,,,,,,,
2016-08-05,8,5,2016,,,,,,,1,,,,,,,,,,
2016-08-05,8,5,2016,,,,,,,,,,,,,,,,,
2016-08-03,8,3,2016,,,,,,,,,,,,,,,,,
2016-08-03,8,3,2016,,,,,,,,,,,,,,,,,
2016-08-03,8,3,2016,,,,,,,,,,,,,,,,,
2016-08-03,8,3,2016,,,,,,,,,,,,,,,,,
2016-08-03,8,3,2016,,,,,,,,,,,,,,,,,
2016-08-03,8,3,2016,,,,,,,,,,,,,,,,,
2016-08-03,8,3,2016,,,,,,,,,,,,,,,,,
2016-08-03,8,3,2016,,,,,,,,,,,,,,,,,
2016-08-03,8,3,2016,,,,,,,,,,,,,,,,,
2016-08-03,8,3,2016,,,,,,,,,,,,,,,,,
2016-08-07,8,7,2016,,,,,,,,,,,,,,,,,
2016-08-07,8,7,2016,,,,,,,,,,,,,,,,,
2016-08-07,8,7,2016,,1,,,,,,,,,,,,,,,
2016-08-07,8,7,2016,,,,,,,,,,,,,,,,,
2016-08-07,8,7,2016,,,,,,,,,,,,,,,,,
2016-08-07,8,7,2016,,,,,,,,,,,,,,,,,
2016-08-11,8,11,2016,,,,,,,,,,,,,,,,,
2016-08-11,8,11,2016,,,,,,,,,,,,,,,,,
2016-08-11,8,11,2016,,1,,,,,,,,,,,,,,,
2016-08-11,8,11,2016,,,,,,,,,,,,,1,,,,
2016-08-14,8,14,2016,,,,,,,,,,,,,1,,,,
2016-08-14,8,14,2016,,,,,,,,,,,,,,,,,
2016-08-14,8,14,2016,,,,,,,,,,,,,,,,,
2016-08-14,8,14,2016,,,,,,,,,,,,,,,,,
2016-08-17,8,17,2016,,,,,,,,,,,,,,,,,
2016-08-17,8,17,2016,,,,,,,,,,,,,,,,,
2016-08-17,8,17,2016,,,,,,,,,,,,,,,,,
2016-08-17,8,17,2016,,,,,1,,,,,,,,,,,,
2016-08-17,8,17,2016,,,,,,,,,,1,,,,,,,
2016-08-17,8,17,2016,,,,,,,,,,,,,,,,,
2016-08-20,8,20,2016,,,,,,,,,,,,,,,,,
2016-08-20,8,20,2016,,,,,,,,,,,,,,,,,
2016-08-20,8,20,2016,,,,,,,,,,,,,,,,,
2016-08-20,8,20,2016,,,,,,,,,,,,,,,,,
2016-08-20,8,20,2016,,,,,,,,,,,,,,,,,
2016-08-20,8,20,2016,,,,,,,,,,,,,,,,,
2016-08-20,8,20,2016,,,,,,,,,,,,,,,,,
2016-08-20,8,20,2016,,,,,,,,,,,,,,,,,
2016-08-20,8,20,2016,,,,,,,,,,,5,,,,,,
2016-08-20,8,20,2016,,,,,,,,,,1,,1,,,,,
2016-08-20,8,20,2016,,,,,,,,,1,,,,,,,,
2016-08-20,8,20,2016,,,,,,,,,,,,,,,,,
2016-08-20,8,20,2016,,,,1,,,,,,,,,,,,,
2016-08-20,8,20,2016,,,,,,,,,,,,,,,,,
2016-08-20,8,20,2016,,,,,,,,,,,,,,,,,
2016-08-20,8,20,2016,,,,,,,,,,,,,,,,,
2016-08-20,8,20,2016,,,,2,,,,,,,,,,,,,
2016-08-20,8,20,2016,,,,,,,,,,,,,,,,,
2016-08-20,8,20,2016,,,,,,,,,,,,,,,,,
2016-08-20,8,20,2016,,,,,,,,,,,,,,,,,
2016-08-20,8,20,2016,,,,,,,,,,,,,,,,,
2016-08-20,8,20,2016,,,,,,,,,,,,,,,,,
2016-08-20,8,20,2016,,,,,,,,,,,,,,,,,
2016-08-20,8,20,2016,,,,,,,,,,,,,,,,,
2016-08-20,8,20,2016,,,,,,,2,,,,,,1,,,,
2016-08-20,8,20,2016,,,,,,,2,,,,,,,,,,
2016-08-20,8,20,2016,,,,,,,2,,,,,,,,,,
2016-08-20,8,20,2016,,,,,,,,,,,,,,,,,
2016-08-20,8,20,2016,,,,,,,,,,,,,,,,,
2016-08-20,8,20,2016,,,,,,,,,,,,,,,,,
2016-08-20,8,20,2016,,,,,,,,,,,,,,,,,
2016-08-20,8,20,2016,,,,,,,,,,,,,,,,,
2016-08-09,8,9,2016,,,,,,,,,,1,,1,,,,,
2016-08-09,8,9,2016,,,,,,,,,,,,,,,,,
2016-08-09,8,9,2016,,1,,,,,,,,,,,,,,,
2016-08-09,8,9,2016,,,,,,,,,,,,,,,,,
2016-08-09,8,9,2016,,,,,,,,,,,,,,,,,
2016-08-09,8,9,2016,,,,,,,,,,,1,,,,,,
2016-08-09,8,9,2016,,,,,,,,,,,1,,,,,,
2016-08-09,8,9,2016,,,,,,,,,,,,,,,,,
2016-08-09,8,9,2016,,,,,,,,,,,,1,,,,,
2016-08-09,8,9,2016,,1,,,,,,,,,,,,,,,
2016-08-09,8,9,2016,,,,,,,,,,,,,,,,,
2016-08-09,8,9,2016,,,,,,,,,,,,,,,,,
2016-08-09,8,9,2016,,,,,,,,,,,,,,,,,
2016-08-09,8,9,2016,,,,,,,,,,,,,,,,,
2016-08-09,8,9,2016,,,,,,,,,,,,,,,,,
2016-08-09,8,9,2016,,1,,,,,,,,,,,,,,,
2016-08-09,8,9,2016,,,,1,,,,,,,,,,,,,
2016-08-09,8,9,2016,,,,,,,,,,,,,,,,,
2016-08-09,8,9,2016,,,,,,,,,,,,,,,,,
2016-08-09,8,9,2016,,,,,,,2,,,,,,,,,,
2016-08-09,8,9,2016,,,,,,,,,,,,,,,,,
2016-08-09,8,9,2016,,,,,,,,,,,,,,,,,
2016-08-09,8,9,2016,,,,,,,1,,,,,,,,,,
2016-08-09,8,9,2016,,,,,,,,,,,,,,,,,
2016-08-09,8,9,2016,,,,,,,,,,,,,,,,,
2016-08-09,8,9,2016,,,,,,,,,,,,,,,,,
2016-08-09,8,9,2016,,,,,,,,,,,,,,,,,
2016-08-18,8,18,2016,,,,,,,,,,,,,,,,,
2016-08-18,8,18,2016,,,,,,,,,,,,,,,,,
2016-08-18,8,18,2016,,1,,,,,,,,,,,,,,,
2016-08-18,8,18,2016,,,,,,,,,,,,,,,,,
2016-08-18,8,18,2016,,1,,,,,,,,,,,,,,,
2016-08-18,8,18,2016,,,,,,,,,,,,,1,,,,
2016-08-18,8,18,2016,,,,,,,,,,,,,,,,,
2016-08-21,8,21,2016,,,,,,,,,,,,,,,,,
2016-08-21,8,21,2016,,,,,,,,,,,,,2,,,,
2016-08-21,8,21,2016,,,,,,,,,,,,,,,,,
2016-08-21,8,21,2016,,,,,,,,,,,,,,,,,
2016-08-21,8,21,2016,,,,,,,,,,,,,,,,,1
2016-08-21,8,21,2016,,1,,,,,,,,,,,,,,,
2016-08-24,8,24,2016,,,,,,,,,,1,,,,,,,
2016-08-24,8,24,2016,,,,,,,,,,,,,,,,,
2016-08-24,8,24,2016,,,,,,,,,,1,,,,,,,
2016-08-24,8,24,2016,,,,,,,,,,,,,,,,,
2016-08-24,8,24,2016,,,,,,,,,,,,1,,,,,
2016-08-24,8,24,2016,,,,,,,,,,,,,,,,,
2016-08-24,8,24,2016,,,,,,,,,,,,,,,,,
2016-08-31,8,31,2016,,,,,,,,,,1,,,,,,,
2016-08-31,8,31,2016,,,,,,,,,,,,,,,,,
2016-08-31,8,31,2016,,,,,,,,,,1,,,,,,,
2016-08-31,8,31,2016,,,,,,,,,,,,,,,,,
2016-08-31,8,31,2016,,,,,,,,,,,,,,,,,
2016-08-31,8,31,2016,,,,,,,,,,,5,,,,,,
2016-08-31,8,31,2016,,,,,,,,,,,,,,,,,
2016-08-31,8,31,2016,,,,,,,,,,,,,,,,,
2016-08-31,8,31,2016,,,,,,,,,,,,,,,,,
2016-08-31,8,31,2016,,,,,,,,,,,,,1,,,,
2016-08-31,8,31,2016,,,,,,,,,,,,,,,,,
2016-08-31,8,31,2016,,,,,,,,,,,,,,,,,
2016-08-31,8,31,2016,,,,,,,,,,,,,,,,,
2016-08-31,8,31,2016,,,,,,,,,,,,,,,,,
2016-08-31,8,31,2016,,,,,,,,,,,,,,,,,
2016-08-31,8,31,2016,,,,,,,,,,,,,,,,,
2016-08-31,8,31,2016,,,,,,,,,,,,,,,,,
2016-08-31,8,31,2016,,,,,,,,,,,,,,,,,
2016-08-31,8,31,2016,,,,,,,1,,,,,,,,,,
2016-08-31,8,31,2016,,,,,,,,,,,,,,,,,
2016-08-31,8,31,2016,,,,,,,,,,,,,,,,,
2016-08-31,8,31,2016,,,,,,,,,,,,,1,,,,
2016-09-01,9,1,2016,,,,,,,,,,,,,,,,,
2016-09-01,9,1,2016,,,,,,,,,,,,,,,,,
2016-09-01,9,1,2016,,,,,,,,,,,,,,,,,
2016-09-01,9,1,2016,,,,,,,,,,,,,1,,,,
2016-09-01,9,1,2016,,,,,,,,,,,,,,,,,
2016-09-04,9,4,2016,,,,,,,,,,,,,,,,,
2016-09-04,9,4,2016,,,,,,,,,,,,,,,,,
2016-09-04,9,4,2016,,,,,,,,,,,,,,,,,
2016-09-04,9,4,2016,,,,,,,,,,,,,,,,,
2016-09-04,9,4,2016,,,,,,,,,,,,,,,,,
2016-08-25,8,25,2016,,,,,,,,,,,,,,,,,
2016-08-25,8,25,2016,,,,,,,,,,,,,,,,,
2016-08-25,8,25,2016,,,,,,,,,,,,,,,,,
2016-08-25,8,25,2016,,,,,,,,,,,,,,,,,
2016-08-25,8,25,2016,,,,,,,,,,,,,,,,,
2016-08-25,8,25,2016,,,,,,,,,,,,,,,,,
2016-09-13,9,13,2016,,,,,,,,,,,,,1,,,,
2016-09-13,9,13,2016,,,,,,,,,,,,,,,,,
2016-09-13,9,13,2016,,,,,,,,,,,,,1,,,,
2016-09-13,9,13,2016,,,,,,,,,,,,,,,,,
2016-09-13,9,13,2016,,,,,,,,,,,,,,,,,
2016-09-13,9,13,2016,,,,,,,,,,,,,,,,,
2016-09-13,9,13,2016,,,,,,,,,,,,,,,,2,
2016-09-13,9,13,2016,,,,,,,,,,,,,,,,,
2016-09-13,9,13,2016,,,,,,,,,,,,,1,,,,
2016-09-13,9,13,2016,,,,,,,,,,,,,,,,,
2016-09-13,9,13,2016,,,,,,,,,,,,,1,,,,
2016-09-13,9,13,2016,,1,,,,,,,,,,,,,,,
2016-09-13,9,13,2016,,,,,,,,,,1,,,,,,,
2016-09-13,9,13,2016,,,,,,,,,,,4,,,,,,
2016-09-13,9,13,2016,,,,,,,,,,,,,,,,,
2016-09-13,9,13,2016,,,,,,,,,,,1,,,,,,
2016-09-13,9,13,2016,,,,,1,,,,,,,,,,,,
2016-09-13,9,13,2016,,,,,,,,,,1,,,,,,,
2016-09-13,9,13,2016,,,,,,,,,,,,,,,,,
2016-09-13,9,13,2016,,,,,,,,,,,,,,,,,
2016-09-13,9,13,2016,,,,,,,,,,,,,,,,,
2016-09-13,9,13,2016,,,,,,,,,,,,,,,,,
2016-09-13,9,13,2016,,,,,,,,,,,,,,,,,
2016-09-13,9,13,2016,,,,,,,,,,,,,,,,,
2016-09-13,9,13,2016,,,,,,,,,,,,,,,,,
2016-09-13,9,13,2016,,,,,,,,,,,,,,,,,
2016-09-13,9,13,2016,,,,,,,,,,,,,,,,,
2016-09-13,9,13,2016,,,,,,,,,,,,,,,,,
2016-09-13,9,13,2016,,,,,,,,,,,,,,,,,
2016-10-05,10,5,2016,,,,,,,,,,1,,,,,,,
2016-10-05,10,5,2016,,,,,,20,,,,,,,,,,,
2016-10-05,10,5,2016,,,,,,,,,,,,,,,,,
2016-10-05,10,5,2016,,,,,,,,,,,,,,,,,
2016-10-05,10,5,2016,,,,,1,,,,,,,,,,,,
2016-10-05,10,5,2016,,,,,,,,,,,,,,,,,
2016-10-05,10,5,2016,,,,,1,,,,,,,,,,,,
2016-10-09,10,9,2016,,,,,,,,,,,,,,,,,
2016-10-09,10,9,2016,,,,,,,,,,,,,,,,,
2016-10-09,10,9,2016,,,,,,,,,,,,,,,,,
2016-10-09,10,9,2016,,1,,,,,,,,,,,,,,,
2016-10-09,10,9,2016,,,,,,,,,,,,,1,,,,
2016-11-02,11,2,2016,,,,,,,,,,,,,,,,,
2016-11-02,11,2,2016,,,,,,,,,,,,,,,,,
2016-11-02,11,2,2016,,,,,,,,,,,,,,,,,
2016-11-02,11,2,2016,,,,,,,,,,,,,,,,,
2016-11-02,11,2,2016,,,,,,2,,,,,,,,,,,
2016-11-02,11,2,2016,,,,,,,,,,,,,,,,,
2016-11-02,11,2,2016,,,,,,,,,,,,,,,,,
2016-12-07,12,7,2016,,,,,,,,,,,,,,,,,
2016-12-07,12,7,2016,,,,,,,,,,,,,,,,,
2016-12-07,12,7,2016,,,,,,2,,,,,,,,,,,
2016-12-07,12,7,2016,,,,,4,,,,,,,,,,,,
2017-01-25,1,25,2017,,,,,,13,,,,,,,,,,,
2017-01-25,1,25,2017,,,,,,8,,,,,,,,,,,
2017-01-25,1,25,2017,,,,,,,,,,,,,,,,,
2017-01-25,1,25,2017,,,,,,,,,,,,,,,,,
2017-01-25,1,25,2017,,,,,,,,,,,,,,,,,
2017-01-25,1,25,2017,,,,,,,,,,,,,,,,,
2017-01-25,1,25,2017,,,,,,,,,,,,,,,,,
2017-01-25,1,25,2017,,,,,,,,,,,,,,,,,
2017-01-25,1,25,2017,,,,,,,,,,,,,,,,,
2017-02-01,2,1,2017,,,,,,,,,,,,,,,,,
2017-02-01,2,1,2017,,,,,,,,,,,,,,,,,
2017-02-01,2,1,2017,,,,,,,,,,,,,,,,,
2017-02-01,2,1,2017,,,,,,,,,,,,,,,,,
2017-02-01,2,1,2017,,,,,,,,,,,,,,,,,
2017-02-01,2,1,2017,,,,,,,,,,,,,,,,,
2017-02-01,2,1,2017,,,,,,,,,,,,,,,,,
2017-02-01,2,1,2017,,,,,,,,,,,,,,,,,
2017-02-01,2,1,2017,,,,,,,,,,,,,,,,,
2017-02-08,2,8,2017,,,,,,,,,,,,,,,,,
2017-02-08,2,8,2017,,,,,,3,,,,,,,,,,,
2017-02-08,2,8,2017,,,,,,,,,,,,,,,,,
2017-02-08,2,8,2017,,,,,,,,,,,,,,,,,
2017-02-08,2,8,2017,,,,,,,,,,,,,,,,,
2017-02-08,2,8,2017,,,,,,5,,,,,,,,,,,
2017-02-08,2,8,2017,,,,,,,,,,,,,,,,,
2017-03-13,3,13,2017,,,,,,,,,,,,3,,,,,
2017-03-13,3,13,2017,,,,,,6,,,,,,,,,,,
2017-03-13,3,13,2017,,,,,,,,,,,,,,,,,
2017-03-13,3,13,2017,,,,,,2,,,,,,,,,,,
2017-03-13,3,13,2017,,,,,,,,,,,,2,,,,,
2017-03-13,3,13,2017,,,,,,,,,,,,,,,,,
2017-03-13,3,13,2017,,,,,,,,,,,,,,,,,
2017-03-13,3,13,2017,,,,,,,,,,,,,,,,,
2017-03-13,3,13,2017,,,,,,,,,,,,,,,,,
2017-03-23,3,23,2017,,,,,,6,,,,,,,,,,,
2017-03-23,3,23,2017,,,,,,2,,,,,,,,,,,
2017-03-23,3,23,2017,,,,,,,,,,,,,,,,,
2017-03-23,3,23,2017,,,,,,,,,,,,,,,,,
2017-03-23,3,23,2017,,,,,,,,,,,,,,,,,
2017-03-23,3,23,2017,,,,,,,,,,,,,,,,,
2017-03-24,3,24,2017,,,,,,2,,,,,,,,,,,
2017-03-24,3,24,2017,,,,,,,,,,,,,,,,,
2017-03-24,3,24,2017,,,,,,3,,,,,,,,,,,
2017-03-24,3,24,2017,,,,,,,,,,,,,,,,,
2017-03-24,3,24,2017,,,,,,,,,,,,,,,,,
2017-03-24,3,24,2017,,,,,,,,,,,,,,,,,
2017-03-24,3,24,2017,,,,,,1,,,,,,,,,,,
2017-04-03,4,3,2017,,,,,,,,,,,,,,,,,
2017-04-03,4,3,2017,,,,,,,,,,,,,,,,,
2017-04-03,4,3,2017,,,,,,,,,,,,,,,,,
2017-04-03,4,3,2017,,,,,,,,,,,,1,,,,,
2017-04-03,4,3,2017,,,,,,1,,,,,,,,,,,
2017-04-03,4,3,2017,,,,,,,,,,,,,,,,,
2017-04-03,4,3,2017,,,,,,1,,,,,,,,,,,
2017-04-03,4,3,2017,,,,,,,,,,,,,,,,,
2017-04-03,4,3,2017,,,,,,,,,,,,,,,,,
2017-04-03,4,3,2017,,,,,,,,,,,,,,,,,
2017-04-03,4,3,2017,,,,,,,,,,1,,,,,,,
2017-04-03,4,3,2017,,,,,,5,,,,,,,,,,,
2017-04-03,4,3,2017,,,,,,,,,,,,,,,,,
2017-04-03,4,3,2017,,,,,,,,,,,,,,,,,
2017-04-03,4,3,2017,,,,,,,,,,,,,,,,,
2017-04-03,4,3,2017,,,,,,1,,,,,,,,,,,
2017-04-03,4,3,2017,,,,,,1,,,,,,,,,,,
2017-04-10,4,10,2017,,,,,,,,,,,,,,,,,
2017-04-10,4,10,2017,,,,,,,,,,,,,,,,,
2017-04-10,4,10,2017,,,,,,,,,,,,,,,,,
2017-04-10,4,10,2017,,,,,,2,,,,,,,,,,,
2017-04-10,4,10,2017,,,,,,,,,,,,,,,,,
2017-04-10,4,10,2017,,,,,,,,,,,,,,,,,
2017-04-10,4,10,2017,,,,,,,,,,2,,,,,,,
2017-04-10,4,10,2017,,,,,,2,,,,,,,,,,,
2017-04-10,4,10,2017,,,,,,,,,,,,,,,,,
2017-04-10,4,10,2017,,,,,,,,,,,,,,,,,
2017-04-10,4,10,2017,,,,,,,,,,,,,,,,,
2017-04-10,4,10,2017,,,,,,,,,,1,,,,,,,
2017-04-10,4,10,2017,,,,,,,,,,,,,,,,,
2017-04-10,4,10,2017,,,,,,,,,,,,,,,,,
2017-04-13,4,13,2017,,,,,,,,,,,,,,,,,
2017-04-13,4,13,2017,,,,,,,,,,,,,,,,,
2017-04-13,4,13,2017,,,,,,,,,,,,,,,,,
2017-04-13,4,13,2017,,,,,,,,,,,,,,,,,
2017-04-13,4,13,2017,,,,,,,,,,,,,,,,,
2017-04-17,4,17,2017,,,,,,,,,,,,,,,,,
2017-04-17,4,17,2017,,,,,,,,,,,,,,,,,
2017-04-17,4,17,2017,,,,,,2,,,,,,,,,,,
2017-04-17,4,17,2017,,,,,,,,,,,,,,,,,
2017-04-17,4,17,2017,,,,,,,,,,,,,,,,,
2017-04-17,4,17,2017,,,,,,,,,,,,,,,,,
2017-04-17,4,17,2017,,,,,,1,,,,,,,,,,,
2017-04-17,4,17,2017,,,,,,,,,,,,,,,,,
2017-04-17,4,17,2017,,,,,,,,,,,,,,,,,
2017-04-17,4,17,2017,,,,,,,,,,,,,,,,,
2017-04-17,4,17,2017,,,,,,,,,,,,,,,,,
2017-04-17,4,17,2017,,,,,,,,,,,,,,,,,
2017-04-17,4,17,2017,,,,,,,,,,,,,,,,,
2017-04-17,4,17,2017,,,,,,,,,,,,,,,,,
2017-04-24,4,24,2017,,,,,,,,,,,,,,,,,
2017-04-24,4,24,2017,,,,,,1,,,,,,,,,,,
2017-04-24,4,24,2017,,,,,,,,,,,,,,,,,
2017-04-24,4,24,2017,,,,,,,,,,,,,,,,,
2017-04-24,4,24,2017,,,,,,,,,,,,,,,,,
2017-04-24,4,24,2017,,,,,,,,,,,,,,,,,
2017-04-24,4,24,2017,,,,,,,,,,,,,,,,,
2017-04-24,4,24,2017,,,,,,,,,,,,,,,,,
2017-04-24,4,24,2017,,,,,,,,,,,,,,,,,
2017-05-23,5,23,2017,,,,,,,,,,,,,,,,,
2017-05-23,5,23,2017,,,,,,,,,,,,,,,,,
2017-05-23,5,23,2017,,,,,,,,,,,,,,,,,
2017-05-23,5,23,2017,,,,,,,,,,,,,,,,,
2017-05-23,5,23,2017,,,,,,,,,,,,,,,,,
2017-05-23,5,23,2017,,,,,,,,,,,,,,,,,
2017-05-23,5,23,2017,,,,,,,,,,,,,,,,,
2017-05-23,5,23,2017,,,,,,,,,,1,,,,,,,
2017-05-23,5,23,2017,,,,,,,,,,,,1,,,,,
2017-05-23,5,23,2017,,,,,,,,,,,,,,,,,
2017-05-23,5,23,2017,,1,,,,,,,,,,,,,,,
2017-05-23,5,23,2017,,,,,,,,,,,,,1,,,,
2017-05-23,5,23,2017,,,,,,,,,,,,,,,,,
2017-05-23,5,23,2017,,,,,,,,,,,,,,,,,
2017-05-23,5,23,2017,,,,,,,,,,,,1,,,,,
2017-05-23,5,23,2017,,,,,,,,,,,,,,,,,
2017-05-23,5,23,2017,,,,,,,,,,1,,,,,,,
2017-05-23,5,23,2017,,,,1,,1,,,,,,,,,,,
2017-05-23,5,23,2017,,,,,,,,,,,,,,,,,
2017-05-23,5,23,2017,,,,,,,,,,,,,,,,,
2017-05-23,5,23,2017,,,,,,,,,,,,,,,1,,
2017-05-23,5,23,2017,,,,,,,,,,,,,,,,,
2017-05-23,5,23,2017,,,,,,,,,,,,,,,,,
2017-05-23,5,23,2017,,,,,,,,,,,,,,,,,
2017-05-23,5,23,2017,,,,,,,,,,,,,,,,,
2017-05-23,5,23,2017,,,,,,,,,,,,,,,,,
2017-05-23,5,23,2017,,,,,,,,,,,,,,,,,
2017-05-23,5,23,2017,,,,,,,,,,,,,,,,,
2017-05-23,5,23,2017,,,,,,,,,,,,,,,,,
2017-05-23,5,23,2017,,,,,,,,,,,,,,,,,
2017-05-23,5,23,2017,,,,,,3,,,,,,,,,,,
2017-05-23,5,23,2017,,,,,,,,,,,,,,,,,
2017-05-23,5,23,2017,,,,,,,,,,,,,,,,,
2017-05-23,5,23,2017,,,,,,,,,,,,,,,,,
2017-05-23,5,23,2017,,,,,,,,,,,,,,,,,
2017-05-23,5,23,2017,,,,,,,,,,,,,,,,,
2017-05-23,5,23,2017,,,,,,,,,,,,,,,,,
2017-05-23,5,23,2017,,,,,,,,,,,,,,,,,
2017-05-23,5,23,2017,,,,,,,,,,,,,,,,,
2017-05-30,5,30,2017,,,,,,,,,,,,,,,,,
2017-05-30,5,30,2017,,1,,,,,,,,,,,,,,,
2017-05-30,5,30,2017,,,,,,,,,,,,,1,,,,
2017-05-30,5,30,2017,,,,,,,,,,,,,,,,,
2017-05-30,5,30,2017,,,,,,,,,,,3,,,,,,
2017-05-30,5,30,2017,,,,,,,,,,,,1,,,,,
2017-05-30,5,30,2017,,,,,,,,,,,,1,,,,,
2017-05-30,5,30,2017,,,,,,,,1,,,,,,,,,
2017-05-30,5,30,2017,,,,,,,,,,,,,,,,,
2017-05-30,5,30,2017,,,,,,,,,,,,,,,,,
2017-06-01,6,1,2017,,1,,,,,,,,,,,,,1,,
2017-06-01,6,1,2017,,,,,,,,,,,,,1,,,,
2017-06-01,6,1,2017,,,,,,,,,,,,,,,,,
2017-06-01,6,1,2017,,,,,,,,,,,,,,,,,
2017-06-01,6,1,2017,,,,,,,,,,,,,,,,,
2017-06-01,6,1,2017,,1,,,,,,,,,,,,1,,,
2017-06-01,6,1,2017,,,,,,,,,,,,,,,,,
2017-06-01,6,1,2017,,1,,,,,,,,,,,,,,,
2017-06-01,6,1,2017,,,,,,,,,,,1,,,,,,
2017-06-01,6,1,2017,,,,,,,,,,,,1,,,,,
2017-06-01,6,1,2017,,,,,,,,,,,,,,,,,
2017-06-01,6,1,2017,,,,,,,,,,1,,,,,,,
2017-06-01,6,1,2017,,,,,,,,,,,,,,,,,
2017-06-01,6,1,2017,,,,,,,,,,,,,,,,,
2017-06-01,6,1,2017,,,,,,,,,,,,,,,,,
2017-06-01,6,1,2017,,,,,,,,,,,,,,1,,,
2017-06-01,6,1,2017,,,,,,,,,,,,,,,,,
2017-06-01,6,1,2017,,,,,,,,,,,,,,,,,
2017-06-01,6,1,2017,,,,,,,,,,,,,,,,,
2017-06-01,6,1,2017,,,,,,,,,,,,,,,1,,
2017-06-01,6,1,2017,,,,,,,,,,,,,,,,,
2017-06-01,6,1,2017,,,,,,,,,,,,,,,,,
2017-06-01,6,1,2017,,1,,,,,,,,,,,,,,,
2017-06-01,6,1,2017,,,,,,,,,,,,,,,,,
2017-06-01,6,1,2017,,,,,,,,,,,,,,,,,
2017-06-09,6,9,2017,,,,,,,,,,,,,,,,,
2017-06-09,6,9,2017,,,,,,,,,,,,,,,,,
2017-06-09,6,9,2017,,,,,,,,,,,,,,,,,
2017-06-09,6,9,2017,,,,,,,,,,,,,,,,,
2017-06-09,6,9,2017,,,,,,,,,,,,,,,,,
2017-06-09,6,9,2017,,,,,,,,,,,,,,,,,
2017-06-09,6,9,2017,,,,,,,,,,,,,,,,,
2017-06-09,6,9,2017,,,,,,,,,,,,,,,,,
2017-06-21,6,21,2017,,,,,,,,,,1,,1,,,,,
2017-06-21,6,21,2017,,,,,,,,,,1,,1,,,,,
2017-06-21,6,21,2017,,,,,,,,,,,,,,,,,
2017-06-21,6,21,2017,,,,,,,,,,,,1,,,,,
2017-06-21,6,21,2017,,,,,,,,,,,,,,,,,
2017-06-21,6,21,2017,,,,,,,,,,1,,,,,,,
2017-06-21,6,21,2017,,,,,,,,,,,,,,,,,
2017-06-21,6,21,2017,,,,,,,,,,,,,,,,,
2017-06-21,6,21,2017,,,,,,,,,,,,,,,,,
2017-06-21,6,21,2017,,,,,,,1,,,,,,,,,,
2017-07-13,7,13,2017,,,,,,,,,,,,,,,,,
2017-07-13,7,13,2017,,,,,,,,,,,,,,,,,
2017-07-13,7,13,2017,,,,,,,,,,,,,,,1,,
2017-07-13,7,13,2017,,,,,,,,,,,,,,,,,
2017-07-13,7,13,2017,,,,,,,,,,,,,,,,,
2017-07-13,7,13,2017,,,,,,,,,,,,1,,,,,
2017-07-13,7,13,2017,,,,,,,,,,,,,,,,,
2017-07-13,7,13,2017,,,,,,,,,,,,,,,,,
2017-07-13,7,13,2017,,,,,,,,,,,,,,,,,
2017-07-13,7,13,2017,,,,,,,,,,,,3,,,,,
2017-07-13,7,13,2017,,,,,,,,,,,,,,,,,
2017-07-13,7,13,2017,,,,,,,,,,,3,,,,,,
2017-07-13,7,13,2017,,,,,,,,,,,1,,,,,,
2017-07-17,7,17,2017,,,,,,,,,,,,1,,,,,
2017-07-17,7,17,2017,,,,,,,,,,,1,,,,,,
2017-07-17,7,17,2017,,,,,,,,,,,,,,,,,
2017-07-17,7,17,2017,,,,,,,,,,,,,,,,,
2017-07-17,7,17,2017,,,,,1,,,,,,,,,,,,
2017-07-17,7,17,2017,,,,,,,,,,,,,,,,,
2017-07-17,7,17,2017,,,,,,,,,,,,,,,,,
2017-07-17,7,17,2017,,,,,,,,,,,,,,,,,
2017-07-17,7,17,2017,,,,,,,,,,,,,,,,,
2017-07-17,7,17,2017,,,,,,,,,,,,,,,,,
2017-07-17,7,17,2017,,,,,,,,,,,,,,,,,
2017-07-17,7,17,2017,,,,,,,,,,1,,,,,,,
2017-07-17,7,17,2017,,,,,,,,,,,,,,,,,
2017-07-19,7,19,2017,,,,,,,,,,,,,,,1,,
2017-07-19,7,19,2017,,,,,,,,,,,,,,,,,
2017-07-19,7,19,2017,,,,,,,,,,,,,,,,,
2017-07-19,7,19,2017,,,,,,,,,,,,,,,1,,
2017-07-25,7,25,2017,,,,,,,,,,,,,,,,,
2017-07-25,7,25,2017,,,,,,,,,,,,,,,,,
2017-07-25,7,25,2017,,,,,,,,,,1,,,,,,,
2017-07-25,7,25,2017,,,,,,,,,,,,,,,,,
2017-07-25,7,25,2017,,,,,,,,,,1,,,,,,,
2017-07-25,7,25,2017,,,,,,,,,,,,,,,,,
2017-08-02,8,2,2017,,,,,,,,,,,,,,,,,
2017-08-02,8,2,2017,,,,,,,,,,,,,,,,,
2017-08-02,8,2,2017,,,,,,,,,,,,,,,,,
2017-08-02,8,2,2017,,,,,,,,,,1,,,,,,,
2017-08-02,8,2,2017,,,,,,,,,,,,,,,,,
2017-08-02,8,2,2017,,,,,,,,,,,,3,,,,,
2017-08-02,8,2,2017,,,,,,,,,,2,,,,,,,
2017-08-07,8,7,2017,,,,,,,,,,,,1,,,,,
2017-08-07,8,7,2017,,,,,,,,,,,,1,,,,,
2017-08-07,8,7,2017,,,,,,,,,,,,,,,,,
2017-08-07,8,7,2017,,,,,,,,,,,,1,,,,,
2017-08-07,8,7,2017,,,,,,,,,,,,,,,,,
2017-08-07,8,7,2017,,,,,,,,,,,,,,,,,
2017-08-07,8,7,2017,,,,,,,,,,,,,,,,,
2017-08-10,8,10,2017,,,,,,,,,,4,,3,,,,,
2017-08-10,8,10,2017,,,,,,,,,,,,,,,,,
2017-08-10,8,10,2017,,,,,,,,,,,,1,,,,,
2017-08-10,8,10,2017,,,,,,,,,,,,,,,,,
2017-08-10,8,10,2017,,,,,,,,,,,,,,,,,
2017-08-10,8,10,2017,,,,,,,,,,,,,,,,,
2017-08-10,8,10,2017,,,,,,,,,,,,2,,,,,
2017-08-10,8,10,2017,,,,,,,,,,,,,,,,,
2017-08-10,8,10,2017,,,,,,,,,,,,,,,,,
2017-08-10,8,10,2017,,,,,,,,,,,,,,,,,
2017-08-10,8,10,2017,,,,,,,,,,,,,,,,,
2017-08-10,8,10,2017,,,,,,,,,,,,,,,,,
2017-08-10,8,10,2017,,,,,,,,,,,,,,,,,
2017-08-10,8,10,2017,,,,,,,,,,,,,,,,,
2017-08-20,8,20,2017,,,,,,,,,,,,,,,,,
2017-08-20,8,20,2017,,,,,,,,,,,,,,,,,
2017-08-20,8,20,2017,,,,,,,,,,,,,,,,,
2017-08-20,8,20,2017,,,,,,,,,,1,,,,,,,
2017-08-20,8,20,2017,,,,,,,,,,,,1,,,,,
2017-08-20,8,20,2017,,,,,,,,,,,,,,,,,
2017-08-20,8,20,2017,,,,,,,,,,,,,,,,,
2017-08-28,8,28,2017,,,,,,,,,,,,,,,,,
2017-08-28,8,28,2017,,,,,,,,,,,,,,,,,
2017-08-28,8,28,2017,,,,,,,,,,,,,,,,,
2017-08-28,8,28,2017,,,,,,,,,,,,,,,,,
2017-08-28,8,28,2017,,,,,,,,,,,,,,,,,
2017-08-28,8,28,2017,,,,,,,,,,,,,,,,,
2017-08-28,8,28,2017,,,,,,,,,,,,,,,,,
2017-08-28,8,28,2017,,,,,,,,,,,,,,,,,
2017-08-28,8,28,2017,,,,,,,,,,,,,,,,,
2017-08-28,8,28,2017,,,,,,,,,,1,,,,,,,
2017-08-28,8,28,2017,,,,,,,,,,,,,,,,,
2017-08-28,8,28,2017,,,,,,,,,,,,1,,,,,
2017-08-28,8,28,2017,,,,,,,,,,,,,,,,,
2017-08-28,8,28,2017,,,,,,,,,,,,,,,,,
2017-09-08,9,8,2017,,,,,,,,,,,,,,,,,
2017-09-08,9,8,2017,,,,,,,,,,,,,,,,,
2017-09-08,9,8,2017,,,,,,,,,,2,,,,,,,
2017-09-08,9,8,2017,,,,,,,,,,,,,,,,,
2017-09-08,9,8,2017,,,,,,,,,,,,,,,,,
2017-09-08,9,8,2017,,,,,,,,,,,,,,,1,,
2017-09-08,9,8,2017,,,,,1,,,,,,,,,,,,
2017-09-14,9,14,2017,,,,,,,,,,,,,,,,,
2017-09-14,9,14,2017,,,,,,,,,,,,,,,,,
2017-09-14,9,14,2017,,,,,,,,,,,,,,,,,
2017-09-14,9,14,2017,,,,,,,,,,,,,,,,,
2017-09-14,9,14,2017,,,,,,,,,,,,,,,,,
2017-09-14,9,14,2017,,,,,,,,,,,,,,,,,
2017-09-14,9,14,2017,,,,,,,,,,,,,,,,,
2017-09-14,9,14,2017,,,,,,,,,,,,,,,,,
2017-09-14,9,14,2017,,,,,,,,,,,,,,,,,
2017-09-14,9,14,2017,,,,,1,,,,,,,,,,,,
2017-09-24,9,24,2017,,,,,,,,,,,,,,,,,
2017-09-24,9,24,2017,,,,,,,,,,1,,,,,,,
2017-09-24,9,24,2017,,,,,,,,,,,,,,,,,
2017-09-24,9,24,2017,,,,,,,,,,,,1,,,,,
2017-09-24,9,24,2017,,,,,,,,,,,,,,,,,
2017-09-24,9,24,2017,,,,,,,,,,,,,,,,,
2017-09-24,9,24,2017,,,,,,,,,,1,,,,,,,
2017-09-29,9,29,2017,,,,,,,,,,,,,,,,,
2017-09-29,9,29,2017,,,,,2,,,,,,,,,,,,
2017-09-29,9,29,2017,,,,,,,,,,,,,,,,,
2017-10-07,10,7,2017,,,,,,,,,,2,,,,,,,
2017-10-07,10,7,2017,,,,,,,,,,,,,,,,,
2017-10-07,10,7,2017,,,,,1,,,,,,,,,,,,
2017-10-07,10,7,2017,,,,,,,,,,,,,,,,,
2017-10-07,10,7,2017,,,,,,,,,,,,,,,,,
2017-10-07,10,7,2017,,,,,,,,,,,,,,,,,
2017-10-07,10,7,2017,,,,,,,,,,,,,,,,,
2017-10-07,10,7,2017,,,,,,,,,,,,,1,,,,
2017-10-07,10,7,2017,,,,,,,,,,,,,,,,,
2017-10-07,10,7,2017,,,,,,,,,,,,,,,,,
2017-10-08,10,8,2017,,,,,,,,,,,,,,,,,
2017-10-08,10,8,2017,,,,,,,,,,,,,,,,,
2017-10-08,10,8,2017,,,,,,,,,,,,,1,,,,
2017-10-08,10,8,2017,,,,,,,,,,,,,,,,,
2017-10-08,10,8,2017,,,,,,,,,,,,,,,,,
2017-10-08,10,8,2017,,,,,,,,,,,,,,,,,
2017-10-08,10,8,2017,,,,,,,,,,,,,,,,,
2017-10-08,10,8,2017,,,,,,,,,,,,,,,,,
2017-10-09,10,9,2017,,,,,,,,,,,,,,,,,
2017-10-09,10,9,2017,,,,,,,,,,,,,1,,,,
2017-10-09,10,9,2017,,,,,,,,,,,,,,,,,
2017-10-09,10,9,2017,,,,,,,,,,,,,,,,,
2017-11-03,11,3,2017,,,,,,,,,,,,,,,,,
2017-10-17,10,17,2017,,,,,,,,,,,,,,,,,
2017-10-17,10,17,2017,,,,,,,,,,,,,,,,,
2017-10-17,10,17,2017,,,,,,,,,,,,,,,,,
2017-10-17,10,17,2017,,,,,,,,,,,,,,,,,
2017-10-17,10,17,2017,,,,,1,,,,,,,,,,,,
2017-10-28,10,28,2017,,,,,,,,,,,,,,,,,
2017-10-28,10,28,2017,,,,,,,,,,,,,,,,,
2017-10-28,10,28,2017,,,,,,,,,,,,,,,,,
2017-10-28,10,28,2017,,,,,,,,,,,,,,,,,
2017-10-28,10,28,2017,,,,,,,,,,,,,,,,,
2017-10-28,10,28,2017,,,,,,,,,,,,,,,,,
2017-10-28,10,28,2017,,,,,,,,,,,,,,,,,
2017-10-28,10,28,2017,,,,,,,,,,,,,,,,,
2017-10-28,10,28,2017,,,,,,,,,,,,,1,,,,
2017-11-14,11,14,2017,,,,,,,,,,,,,,,,,
2017-11-14,11,14,2017,,,,,,,,,,,,,,,,,
2017-11-14,11,14,2017,,,,,2,,,,,,,,,,,,
2017-11-14,11,14,2017,,,,,,,,,,,,,,,,,
2017-11-14,11,14,2017,,,,,,,,,,,,,,,,,
2017-11-14,11,14,2017,,,,,1,,,,,,,,,,,,
2017-11-14,11,14,2017,,,,,,,,,,,,,,,,,
2017-11-14,11,14,2017,,,,,,,,,,,,,,,,,
2018-03-02,3,2,2018,,,,,,2,,,,,,,,,,,
2018-03-02,3,2,2018,,,,,,,,,,,,,,,,,
2018-03-02,3,2,2018,,,,,,,,,,,,,,,,,
2018-03-02,3,2,2018,,,,,,,,,,,,,,,,,
2018-03-02,3,2,2018,,,,,,,,,,,,,,,,,
2018-03-11,3,11,2018,,,,,,,,,,,,,,,,,
2018-03-11,3,11,2018,,,,,,,,,,,,,,,,,
2018-03-11,3,11,2018,,,,,,,,,,,,,,,,,
2018-03-11,3,11,2018,,,,,,,,,,,,,,,,,
2018-03-11,3,11,2018,2,,,,,,,,,,,,,,,,
2018-03-11,3,11,2018,,,,,,,1,,,,,,,,,,
2018-03-11,3,11,2018,,,,,,,,,,,,,,,,,
2018-03-11,3,11,2018,,,,,,,,,,,,,,,,,
2018-03-11,3,11,2018,,,,,,,,,,,,,,,,,
2018-03-11,3,11,2018,,,,,,,,,,,,,,,,,
2018-03-11,3,11,2018,,,,,,,,,,,,,,,,,
2018-03-17,3,17,2018,,,,,,,,,,,,,,,,,
2018-03-17,3,17,2018,,,,,,,,,,,,,,,,,
2018-03-17,3,17,2018,,,,,,,1,,,,,,,,,,
2018-03-17,3,17,2018,,,,,,1,,,,,,,,,,,
2018-03-17,3,17,2018,,,,,,,,,,,,,,,,,
2018-03-17,3,17,2018,,1,,,,,,,,,,,,,,,
2018-03-17,3,17,2018,,,,,,2,,,,,,,1,,,,
2018-03-17,3,17,2018,,,,,,,,,,,,,,,,,
2018-03-17,3,17,2018,,,,,,,,,,,,1,,,,,
2018-03-17,3,17,2018,,2,,,,,,,,,,,,,,,
2018-03-17,3,17,2018,,,,,,,,,,,,,,,,,
2018-03-30,3,30,2018,,,,,,,,,,,,,1,,,,
2018-03-30,3,30,2018,,,,,,,,,,,,,,,,,
2018-03-30,3,30,2018,,2,,,,,,,,,,,,,,,
2018-03-30,3,30,2018,,,,,,,,,,,,,,,,,
2018-04-08,4,8,2018,,,,,,,,,,,,,,,,,
2018-04-08,4,8,2018,,,,,,,,,,,,,,,,,
2018-04-08,4,8,2018,,,,,,,,,,,,,,,,,
2018-04-08,4,8,2018,,,,,,,,,,,,,,,,,
2018-04-08,4,8,2018,,,,,,,,,,,,,1,,,,
2018-04-08,4,8,2018,,,,,,,,,,,,,,,,,
2018-04-08,4,8,2018,,,,,,,,,,,,,,,,,
2018-04-08,4,8,2018,,,,,,,,,,,,,,,,,
2018-04-08,4,8,2018,,,,,,,,,,,,,,,,,
2018-04-08,4,8,2018,,,,,,,,,,,,,,,,,
2018-04-08,4,8,2018,,,,,3,,,,,,,,,,,,
2018-04-08,4,8,2018,,,,,,,,,,,,,,,,,
2018-04-08,4,8,2018,,,,,,,,,,,2,,,,,,
2018-04-08,4,8,2018,,,,,,,,,,1,,,,,,,
2018-04-08,4,8,2018,,,,,,,,,,,,,,,,,
2018-04-08,4,8,2018,,,,,,,,,,,,,,,,,
2018-04-08,4,8,2018,,,,,,,,,,,,,,,,,
2018-04-08,4,8,2018,,,,,,2,,,,,,,,,,,
2018-04-30,4,30,2018,,,,,,,,,,,,,,,,,
2018-04-30,4,30,2018,,,,,,,,,,,,,,,,,
2018-04-30,4,30,2018,,,,,,,,,,,,,,,,,
2018-04-30,4,30,2018,,,,,,,,,,,,,,,,,
2018-05-09,5,9,2018,,,,,,,,,,,,,,,,,
2018-05-09,5,9,2018,,,,,,,,,,,,,,,,,
2018-05-09,5,9,2018,,,,,,,,,,,,,,,,,
2018-05-09,5,9,2018,,,,,,,,,,,,,,,,,
2018-05-09,5,9,2018,,,,,,,,,,,,,,,,,
2018-05-09,5,9,2018,,,,,,,,,,,,,,,,,
2018-05-09,5,9,2018,,,,,,,,,,,,,,,,,
2018-05-09,5,9,2018,,,,,,,,,,1,,,,,,,
2018-05-09,5,9,2018,,,,,,5,,,,,,,,,,,
2018-05-09,5,9,2018,,,,,,,,,,,,,,,,,
2018-05-09,5,9,2018,,,,,,,,,,,,,,,,,
2018-05-09,5,9,2018,,,,,,,,,,,,,,,,,
2018-05-09,5,9,2018,,,,,,,,,,,,,,,,,
2018-05-09,5,9,2018,,,,,,,,,,,,2,,,,,
2018-05-09,5,9,2018,,,,,,4,,,,,,,,,,,
2018-05-09,5,9,2018,,,,,,,,,,,,,,,,,
2018-05-17,5,17,2018,,,,,,,,,,,,,,,,,
2018-05-17,5,17,2018,,,,,,,,,,,,,,,,,
2018-05-17,5,17,2018,,,,,,,,,,,,1,1,,,,
2018-05-17,5,17,2018,,,,,,,,,,,,,,,,,
2018-05-17,5,17,2018,,,,,,,,,,,,,,,,,
2018-05-17,5,17,2018,,,,,,2,,,,,,,,,,,
2018-05-17,5,17,2018,,,,,,,,,,,,,,,,,
2018-05-17,5,17,2018,,,,,,2,,,,,,,,,,,
2018-05-17,5,17,2018,,,,,,,,,,,,,,,,,
2018-05-17,5,17,2018,,,,,,,,,,,,,,,,,
2018-05-17,5,17,2018,,,,,,,,,,,,1,,,,,
2018-05-24,5,24,2018,,,,,,,,,,,,,,,,,
2018-05-24,5,24,2018,,,,,,,,,,,,,,,,,
2018-05-24,5,24,2018,,,,,,,,,,,,,,,,,
2018-05-24,5,24,2018,,,,,,,,,,,,,,,,,
2018-05-24,5,24,2018,,,,,,,,,,,,,,,,,
2018-05-24,5,24,2018,,,,,,,,,,,,,,,,,
2018-05-24,5,24,2018,,,,,,,,,,,,,,,,,
2018-05-24,5,24,2018,,,,,,,,,,,,,,,,,
2018-05-24,5,24,2018,,,,,,,,,,,,,,,,,
2018-05-24,5,24,2018,,,,,,,,,,,,,,,,,
2018-05-24,5,24,2018,,,,,,,,,,,,,,,,,
2018-05-24,5,24,2018,,,,,,,,,,,,2,,,,,
2018-05-24,5,24,2018,,,,,,,,,,,,,,,,,
2018-05-24,5,24,2018,,,,,,,,,,,,,,,,,
2018-05-24,5,24,2018,,,,,,2,,,,,,,,,,,
2018-05-24,5,24,2018,,,,,,,,,,,,,,,,,
2018-05-24,5,24,2018,,,,,,,,,,,,1,,,,,
2018-05-24,5,24,2018,,,,,,,,,,,,,,,,,
2018-05-24,5,24,2018,,,,,,,,,,,,,,,,,
2018-05-24,5,24,2018,,,,,,,,,,,,,,,,,
2018-05-26,5,26,2018,,,,,,,,,,,,,,,,,
2018-05-26,5,26,2018,,,,,,,,,,,,2,,,,,
2018-05-26,5,26,2018,,,,,,,,,,,,3,,,,,
2018-05-26,5,26,2018,,,,,,3,,,,,,,,,,,
2018-05-26,5,26,2018,,,,,,,,,,,,,,,,,
2018-05-26,5,26,2018,,,,,,,,,,,,,1,,,,
2018-05-26,5,26,2018,,,,,,,,,,,,,,,,,
2018-05-26,5,26,2018,,,,,,,,,,,,,,,,,
2018-05-26,5,26,2018,,,,,,,,,,,,,,,,,
2018-05-26,5,26,2018,,,,,,,,,,,,,,,,,
2018-06-07,6,7,2018,,,,,,,,,,,,,,,,,
2018-06-07,6,7,2018,,,,,,,,,,,,1,,,,,
2018-06-07,6,7,2018,,,,,,,,,,,,,,,,,
2018-06-07,6,7,2018,,,,,,,,,,1,,,,,,,
2018-06-07,6,7,2018,,,,,,,,,,,,,,,,,
2018-06-07,6,7,2018,,,,,,,,,,,,,,,,,
2018-06-07,6,7,2018,,,,,,,,,,,,,,,,,
2018-06-07,6,7,2018,,,,,,,,,,,,,,,,,
2018-06-07,6,7,2018,,,,,,,,,,,,,,,,,
2018-06-07,6,7,2018,,,,,,,,,,,,,,,,,
2018-06-07,6,7,2018,,,,,,,,,,,,,,,,,
2018-06-07,6,7,2018,,,,,,,,,,,,,,,,,
2018-06-11,6,11,2018,,,,,,,,,,,,,,,,,
2018-06-11,6,11,2018,,,,,,,,,,,,,,,,,
2018-06-11,6,11,2018,,,,,,,,,,,,,,,,,
2018-06-11,6,11,2018,,,,,,,,,,,,,,,,,
2018-06-11,6,11,2018,,,,,,,,,,,,1,,,,,
2018-06-11,6,11,2018,,,,,,,,,,,,1,,,,,
2018-06-11,6,11,2018,,,,,,,,,,,,,,,,,
2018-06-11,6,11,2018,,,,,,,,,,,,,,,,,
2018-06-11,6,11,2018,,,,,,,,,,,,2,,,,,
2018-06-11,6,11,2018,,,,,,,,,,,,,,,,,
2018-06-11,6,11,2018,,,,,,,,,,,,,,,,,
2018-06-11,6,11,2018,,,,,,,,,,,,,,,,,
2018-06-11,6,11,2018,,,,,,,,,,,,,,,,,
2018-06-11,6,11,2018,,,,,,,,,,,,,,,,,
2018-06-11,6,11,2018,,,,,,,,,,,,,,,,,
2018-06-11,6,11,2018,,,,,,,,,,,,,,,,,
2018-06-11,6,11,2018,,,,,,,,,,,,,,,,,
2018-06-11,6,11,2018,1,,,,,,,,,,,,,,,,
2018-06-11,6,11,2018,,,,,,,,,,,,,,,,,
2018-06-11,6,11,2018,,,,,,,,,,,,,,,,,
2018-06-11,6,11,2018,,,,,,,,,,,,,,,,,
2018-06-11,6,11,2018,,,,,,,,,,,,,,,,,
2018-06-11,6,11,2018,,,,,,,,,,,,,,,,,
2018-06-11,6,11,2018,,,,,,,,,,,,,,,,,
2018-06-11,6,11,2018,,,,,,,,,,,,,,,,,
2018-06-13,6,13,2018,,,,,,,,,,,,,,,,,
2018-06-13,6,13,2018,,,,,,,,,,,,,,,,,
2018-06-13,6,13,2018,,,,,,,,,,,,,,,,,
2018-06-13,6,13,2018,,,,,,,,,,,,,,,,,
2018-06-13,6,13,2018,,,,,,,,,,,,,,,,,
2018-06-13,6,13,2018,,,,,,,,,,,,,,,,,
2018-06-13,6,13,2018,,,,,,,,,,,,,,,,,
2018-06-13,6,13,2018,,,,,,,,,,,,,,,,,
2018-06-13,6,13,2018,,,,,,,,,,,,,,,,,
2018-06-13,6,13,2018,,,,,,,,,,,,,,,,,
2018-06-14,6,14,2018,,,,,,,,,,,,,,,,,
2018-06-14,6,14,2018,,,,,,,,,,,,,,,,,
2018-06-14,6,14,2018,,,,,,,,,,,,2,,,,,
2018-06-14,6,14,2018,,,,,,,,,,,,,,,,,
2018-06-14,6,14,2018,,,,,,,,,,,,,,,,,
2018-06-14,6,14,2018,,,,,,,,,,,,,,,,,
2018-06-14,6,14,2018,,,,,,,,,,,,,,,,,
2018-06-14,6,14,2018,,,,,,,,,,,,,,,,,
2018-06-14,6,14,2018,,,,,,,,,,,,,,,,,
2018-06-14,6,14,2018,,,,,,,,,,,,,,,,,
2018-06-14,6,14,2018,,1,,,,,,,,,,,,,,,
2018-06-14,6,14,2018,,,,,,,,,,,,,,,,,
2018-06-14,6,14,2018,,,,,,,,,,,,,1,,,,
2018-06-14,6,14,2018,,,,,,,,,,,,,,,,,
2018-06-14,6,14,2018,,,,,,,,,,,,,,,,,
2018-06-14,6,14,2018,,,,,,,,,,,,,,,,,
2018-06-14,6,14,2018,,,,,,,,,,,,,,,,,
2018-06-14,6,14,2018,,,,,,,,,,,,,,,,,
2018-06-14,6,14,2018,,,,,,,,,,,,,,,,,
2018-06-14,6,14,2018,,,,,,,,,,,,,,,,,
2018-06-14,6,14,2018,,,,,,,,,,,,,,,,,
2018-06-14,6,14,2018,,,,,,,,,,,,,,,,,
2018-06-14,6,14,2018,,,,,,,,,,,,,,,,,
2018-06-14,6,14,2018,,,,,,,,,,,,,,,,,
2018-06-14,6,14,2018,,,,,,,,,,,,,1,,,,
2018-06-14,6,14,2018,,,,,,,,,,,,,,,,,
2018-06-14,6,14,2018,,,,,,,,,,,,,,,,,
2018-06-14,6,14,2018,,,,,,,,,,,,,,,,,
2018-06-14,6,14,2018,,,,,,,,,,,,,,,,,
2018-06-14,6,14,2018,,,,,,,,,,,,,,,,,
2018-06-18,6,18,2018,,,,,,,,,,,,,1,,,,
2018-06-18,6,18,2018,,,,,,,,,,,,,,,,,
2018-06-18,6,18,2018,,,,,,,,,,,,,,,,,
2018-06-18,6,18,2018,,,,,,,,,,,,,,,,,
2018-06-18,6,18,2018,,,,,,,,,,,,,,,,,
2018-06-18,6,18,2018,,,,,,,,,,,,,,,,,
2018-06-18,6,18,2018,,,1,,,,,,,,,,,,,,
2018-06-18,6,18,2018,,,,,,,,,,,,,,,,,1
2018-06-18,6,18,2018,,,,,,,,,,,,,,,,,
2018-06-18,6,18,2018,,,,,,,,,,,,,,,,,
2018-06-18,6,18,2018,,,,,,,,,,,,,,,,,
2018-06-18,6,18,2018,,,,,,,,,,,,,,,,,
2018-06-21,6,21,2018,,,,,,,,,,,,,,,,,2
2018-06-21,6,21,2018,,,,,,,,,,,,,,,,,
2018-06-21,6,21,2018,,,,,,,,,,,,,1,,,,
2018-06-21,6,21,2018,,,,,,,,,,,,,,,,,
2018-06-21,6,21,2018,,,,,,,,,,,,,,,,,
2018-06-21,6,21,2018,,,,,,,,,,,,,,,,,
2018-06-21,6,21,2018,,,1,,,,,,,,,,,,,,
2018-06-21,6,21,2018,,,,,,,,,,,,,,,,,
2018-06-21,6,21,2018,,,,,,,,,,,,,,,2,,
2018-06-21,6,21,2018,,,,,,,,,,,,,,,,,
2018-06-21,6,21,2018,,,,,,,,,,,,1,,,,,
2018-06-21,6,21,2018,,,,,,,,,,,,,,,,,
2018-06-21,6,21,2018,,,,,,,,,,,,,,,,,
2018-06-21,6,21,2018,,,,,,,,,,,,,,,,,
2018-06-21,6,21,2018,,,,,,,,,,,,,,,,,
2018-06-21,6,21,2018,,,,,,,,,,,,,,,,,
2018-06-21,6,21,2018,,,,,,,,,,,,,,,,,
2018-06-21,6,21,2018,,,,,,,,,,,,,,,,,1
2018-06-21,6,21,2018,,,,,,,,,,,,,,,,,
2018-06-21,6,21,2018,,,,,,,,,,,,,,,,,
2018-06-21,6,21,2018,,,,,,,,,,,,,,,,,
2018-06-21,6,21,2018,,,,,,,,,,,,,,,,,
2018-06-20,6,20,2018,,,,,,,,,,,,,,,,,
2018-06-20,6,20,2018,,,,,,,,,,,,,,,,,
2018-06-20,6,20,2018,,,,,,,,,,,,1,,,,,
2018-06-20,6,20,2018,,,,,,,,,,,,,,,,,
2018-06-20,6,20,2018,,,,,,,,,,,,,,,,,
2018-06-20,6,20,2018,,,,,,,,,,,,1,,,,,
2018-06-20,6,20,2018,,,,,,,,,,1,,,,,,,
2018-06-20,6,20,2018,,,,,,,,,,,,1,,,,,
2018-06-20,6,20,2018,,,,,,,,,,,,,,,,,
2018-06-20,6,20,2018,,,,,,,,,,,,,1,,,,
2018-06-20,6,20,2018,,,,,,,,,,,,,,,,,
2018-06-24,6,24,2018,,,,,,,,1,,,,,,,,,
2018-06-24,6,24,2018,,,,,,,,,,,,,,,,,
2018-06-24,6,24,2018,,,,,,,,,,,,,,,,,
2018-06-24,6,24,2018,,,,,,,,,,,,,1,,,,
2018-06-24,6,24,2018,,,,,,,,,,,,,,,,,
2018-06-24,6,24,2018,,,,,,,,,,,,,,,,,
2018-06-24,6,24,2018,,,,,,,,,,,,,,,,,
2018-06-24,6,24,2018,,,,,,,,,,,,,1,,,,
2018-06-24,6,24,2018,,,,,,,,,,,,,,,,,
2018-06-24,6,24,2018,,,,,,,,,,,,,,,,,
2018-06-24,6,24,2018,,,,,,,,,,,,,,,,,
2018-06-24,6,24,2018,,,,,,,,,,,,,,,,,
2018-06-24,6,24,2018,,,,,,,,,,,,,,,,,
2018-06-25,6,25,2018,,,,,,,,,,,,,,,,,
2018-06-25,6,25,2018,,,,,,,,,,,,,,,,,
2018-06-25,6,25,2018,,,,,,,,,,,,,,,,,
2018-06-25,6,25,2018,,,,,,,,,,,,,,,,,
2018-06-25,6,25,2018,,,,,,,,,,,,,,,,,
2018-06-26,6,26,2018,,,,,,,,,,,,,,,,,
2018-06-26,6,26,2018,,,,,,,,,,,,,,,,,
2018-06-26,6,26,2018,1,,,,,,,,,,,,,,,,
2018-06-26,6,26,2018,,,,,,,,,,,,,,,,,
2018-06-26,6,26,2018,,,,,,,,,,,,,,,,,
2018-06-26,6,26,2018,,,,,,,,,,,,,,,,,
2018-06-26,6,26,2018,,,,,,,,,,,,,,,,,
2018-06-26,6,26,2018,,,,,,,,,,,,,,,,,
2018-06-26,6,26,2018,,,,,,,,,,,,,,,,,
2018-06-26,6,26,2018,,,,,,,,,,,,,,,,,
2018-06-25,6,25,2018,,,,,,,,,,,,,,,,,
2018-06-25,6,25,2018,,,,,,,,,,,,,,,,,
2018-06-25,6,25,2018,,,,,,,,,,,,,,,,,
2018-06-25,6,25,2018,,,,,,,,,,,,,,,,,
2018-06-25,6,25,2018,,,,,,,,,,,,,,,,,
2018-06-25,6,25,2018,,,,,,,,,,,,,,,,,
2018-06-25,6,25,2018,,,,,,,,,,,,,,,,,
2018-06-25,6,25,2018,,,,,,,,,,,,,,,,,
2018-06-25,6,25,2018,,,,,,,,,,,,1,,,,,
2018-06-25,6,25,2018,,,,,,,,,,,,1,,,,,
2018-06-25,6,25,2018,,,,,,,,,,,,,,,,,
2018-06-25,6,25,2018,,,,,,,,,,,,,,,,,
2018-06-25,6,25,2018,,,,,,,,,,,,,,,,,
2018-06-25,6,25,2018,,,,,,,,,,,,,,,,,
2018-06-25,6,25,2018,,,,,,,,,,,,1,,,,,
2018-06-25,6,25,2018,,,,,,,,,,,,1,,,,,
2018-06-27,6,27,2018,,,,,,,,,,,,,,,,,
2018-06-27,6,27,2018,1,,,,,,,,,,,,,,,,
2018-06-27,6,27,2018,,,,,,,,3,,,,,,,,,
2018-06-27,6,27,2018,,,,,,,,,,,,,,,,,
2018-06-27,6,27,2018,,,,,,,,,,,,,1,,,,
2018-06-27,6,27,2018,,,,,,,,,,,,,,,,,
2018-06-27,6,27,2018,,,,,,,,,,,,1,,,,,
2018-06-27,6,27,2018,,,,,,,,,,,2,,,,,,
2018-06-27,6,27,2018,,,,,,,,1,,,,,1,,,,
2018-06-27,6,27,2018,,,,,,1,,,,1,,1,,,,,
2018-06-27,6,27,2018,,,,,,,,,,,,,,,,,
2018-06-27,6,27,2018,,,,,,,,,,,,,,2,,,
2018-06-27,6,27,2018,,,,,,,,,,,,,,,,,
2018-06-27,6,27,2018,,,,,,,,,,,,,1,,,,
2018-06-27,6,27,2018,,,,,,,,,,,,,,,,,
2018-06-27,6,27,2018,,,,,,,,,,,,,,,1,,
2018-06-27,6,27,2018,,,,,,,,,,,,,,,,,
2018-06-27,6,27,2018,,,,,,,,,,,,,,,,,
2018-06-27,6,27,2018,,,,,,,,,,,,,,,,,
2018-06-28,6,28,2018,,,,,,,,,,1,,,,,,,
2018-06-28,6,28,2018,,,,,,,,,,,,,,,,,
2018-06-28,6,28,2018,,,,,,,,,,,,,,,,,
2018-06-28,6,28,2018,,,,,,,,,,,,1,,,,,
2018-06-28,6,28,2018,,,,,,,,,,1,,,,,,,
2018-06-28,6,28,2018,,,,,,,,,,,,,,,,,
2018-06-28,6,28,2018,,,,,,,,,,,,,,,,,
2018-06-28,6,28,2018,,,,,,,,,,,,,,,,,
2018-06-29,6,29,2018,,,,,,,1,,,,,,,,,,
2018-06-29,6,29,2018,,,,,,,,,,,,,,,,,
2018-06-29,6,29,2018,,,,,,,,,,,,,,,,,
2018-06-29,6,29,2018,,,,,,,,,,,,,,,,,
2018-06-29,6,29,2018,,,,,,,,,,,,,,,,,
2018-06-29,6,29,2018,,,,,,,,,,,,,,,,,
2018-06-02,6,2,2018,,,,,,,,,,,,,,,,,
2018-06-02,6,2,2018,,,,,,,,,,,,,,,,,
2018-06-02,6,2,2018,,,,,,,,,,,,,,,,,
2018-06-02,6,2,2018,,,,,,,,2,,,,,,,,,
2018-06-02,6,2,2018,,,,,,,,,,,,,,,,,
2018-06-02,6,2,2018,,,,,,,,,,,,,,,,,
2018-06-02,6,2,2018,,,,,,,,,,,,,,,,,
2018-06-02,6,2,2018,,,,,,,,,,,,,,,,,
2018-06-02,6,2,2018,,,,,,,,,,,,,1,,,,
2018-06-02,6,2,2018,,,,,,,,,,,,,,,,,
2018-06-02,6,2,2018,,,,,,,,,,,,,1,,1,,
2018-06-02,6,2,2018,,,,,,,,,,,,,,,,,
2018-06-02,6,2,2018,,,,,,,,,,,,,,,,,
2018-06-02,6,2,2018,,,,,,,,,,,,,,,,,
2018-06-03,6,3,2018,,,,,,,,,,,,,,,,,
2018-06-03,6,3,2018,,,,,,,,,,,,,,,,,
2018-06-03,6,3,2018,,,,,,,,,,,,,,,,,
2018-06-03,6,3,2018,,,,,,,,,,,,,,,,,
2018-06-03,6,3,2018,,,,,,,,,,,,,,,1,,
2018-06-03,6,3,2018,,,,,,,,,,,,,,1,,,
2018-06-03,6,3,2018,,,,,,,,,,,,,,,,,
2018-06-09,6,9,2018,,,,,,,,,,,,,,1,,,
2018-06-09,6,9,2018,,,,,,,,,,,,,,,,,
2018-06-09,6,9,2018,,,,,,,,,,,,,,,,,
2018-06-09,6,9,2018,,,,,,,,,,,,,,,,,
2018-06-09,6,9,2018,,,,,,,,,,,,,,,,,
2018-06-19,6,19,2018,,,,,,,,,,,,,,,,,
2018-06-19,6,19,2018,,,,,,,,,,,,,,,,,
2018-06-19,6,19,2018,,,,,,,,,,,,1,,,,,
2018-06-19,6,19,2018,,,,,,,,,,,,,,,,,
2018-06-19,6,19,2018,,,,,,,,,,,,,,,,,
2018-06-19,6,19,2018,,,,,,,,,,,,1,,,,,
2018-06-19,6,19,2018,,,,,,,,,,1,,,,,,,
2018-06-19,6,19,2018,,,,,,,,,,,,1,,,,,
2018-06-19,6,19,2018,,,,,,,,,,1,,,,,,,
2018-06-19,6,19,2018,,,,,,,,,,,,,1,,,,
2018-06-19,6,19,2018,,,,,,,,,,,,,,,,,
2018-06-21,6,21,2018,,,,,,,,,,,,,,,,,
2018-06-21,6,21,2018,,,,,,,,,,,,,,,,,
2018-06-21,6,21,2018,,,,,,,,,,,,,,,,,
2018-06-21,6,21,2018,,,,,,,,,,,,,,,,,
2018-06-21,6,21,2018,,,,,,,,,,,,,,,,,
2018-06-21,6,21,2018,,,,,,,,,,,,,1,,,,
2018-06-21,6,21,2018,,,,,,,,,,,,,,,,,
2018-06-21,6,21,2018,,,,,,,,,,,,,,,,,
2018-06-21,6,21,2018,,,,,,,,,,,,,,,,,
2018-06-21,6,21,2018,,,,,,,,,,,,,,,,,
2018-06-21,6,21,2018,,,,,,,,,,,,,,,,,
2018-06-21,6,21,2018,,,,,,,,,,,,,1,,,,
2018-07-08,7,8,2018,,,,,,,,,,,,,,,,,
2018-07-08,7,8,2018,,,,,,,,,,,,,,,,,
2018-07-08,7,8,2018,,,,,,,,,,,,,,,,,
2018-07-09,7,9,2018,,,,,,,,1,,,,,,,,,
2018-07-09,7,9,2018,,,,,,,,,,,,,,,,,
2018-07-09,7,9,2018,,,,,,,,,,,,1,,,,,
2018-07-09,7,9,2018,,,,,,,,,,,,,,,,,
2018-07-09,7,9,2018,,,,,,,,,,,,,,,,,
2018-07-09,7,9,2018,,,,,,,,,,,,1,,,,,
2018-07-09,7,9,2018,,,,,,,,,,,,,1,,,,
2018-07-11,7,11,2018,,,,,,,,,,,,,,,,,
2018-07-11,7,11,2018,,,,,,,,,,,,,,,,,
2018-07-11,7,11,2018,,,,,,,,,,,,,,,,,
2018-07-11,7,11,2018,,,,,,,,,,,,,,,,,
2018-07-11,7,11,2018,,,,,,,,,,,,,,,,,
2018-07-11,7,11,2018,,,,,,,,,,,,,,,,,
2018-07-16,7,16,2018,,,,,,,,,,,,,,,,,
2018-07-16,7,16,2018,,,,,,,,,,,,,,,,,
2018-07-16,7,16,2018,,,,,,,,,,,,,,,,,
2018-07-16,7,16,2018,,,,,,,,,,,,,,1,,,
2018-07-18,7,18,2018,,,,,,,1,,,,,,,,,,
2018-07-18,7,18,2018,,,,,,,,,,,,,,,,,
2018-07-18,7,18,2018,,,,,,,,,,,,,,,,,
2018-07-18,7,18,2018,,,,,,,,,,,,,,,,,
2018-07-18,7,18,2018,1,,,,,,2,,,,,,,,,,
2018-07-17,7,17,2018,,,,,,,,,,,,,,,,,
2018-07-17,7,17,2018,,,,,,,,,,,,,,,,,
2018-07-17,7,17,2018,,,,,,,,,,,,2,,,,,
2018-07-17,7,17,2018,,,,,,,,,,,,1,,,,,
2018-07-17,7,17,2018,,,,,,,,,,,,,,,,,
2018-07-17,7,17,2018,,,,,,,,,,,,,,,,,
2018-07-17,7,17,2018,,,,,,,,,,,,1,,,,,
2018-07-17,7,17,2018,,,,,,,,,,,,,,,,,
2018-07-17,7,17,2018,,,,,,,,,,,,,,,,,
2018-07-18,7,18,2018,,,,,,,,,,,,,,,,,
2018-07-18,7,18,2018,,,,,,,,,,,,,,,,,
2018-07-18,7,18,2018,,,,,,,,,,,,,,,,,
2018-07-18,7,18,2018,,,,,,,,,,,,,,,,,
2018-07-18,7,18,2018,,,,,,,,,,,,,,,,,
2018-07-18,7,18,2018,,,,,,,,,,,,,,,,,
2018-07-18,7,18,2018,,,,,,,,,,,,,,,,,
2018-07-18,7,18,2018,,,,,,,,,,,,,,,,,
2018-07-19,7,19,2018,,,,,,,,,,,,2,,,,,
2018-07-19,7,19,2018,,,,,,,,,,,,,,,,,
2018-07-19,7,19,2018,,,,,,,,,,,,,,,,,
2018-07-19,7,19,2018,,,,,,,,,,1,,,,,,,
2018-07-19,7,19,2018,,,,,,,,,,,,,,,,,
2018-07-19,7,19,2018,,,,,,,,,,,,,,,,,
2018-07-19,7,19,2018,,,,,,,,,,,,1,,,,,
2018-07-19,7,19,2018,,,,,,,,,,,,,,,,,
2018-07-19,7,19,2018,,,,,,,,,,,,,,,,,
2018-07-19,7,19,2018,,,,,,,,,,,,,2,,,,
2018-08-08,8,8,2018,,1,,,,,,,,,,1,,,,,
2018-08-08,8,8,2018,,,,,,,,,,1,,,,,,,
2018-08-08,8,8,2018,,,,,,,,,,,,1,,,,,
2018-08-08,8,8,2018,,,,,,,,,,,,,,,,,
2018-08-08,8,8,2018,,,,,,,,,,5,,,,,,,
2018-08-08,8,8,2018,,,,,,,,,,1,,,,,,,
2018-08-08,8,8,2018,,,,,,,,,,,,1,,,,,
